Symbol,Name,LastSale,MarketCap,ADR TSO,IPOyear,Sector,Industry,Summary Quote
VNET,"21Vianet Group, Inc.",10.35,642286886.4,62056704,2011,Technology,"Computer Software: Programming, Data Processing",https://www.nasdaq.com/symbol/vnet
TWOU,"2U, Inc.",51.44,2979539161,n/a,2014,Technology,Computer Software: Prepackaged Software,https://www.nasdaq.com/symbol/twou
DDD,3D Systems Corporation,12.05,1375875543,n/a,n/a,Technology,Computer Software: Prepackaged Software,https://www.nasdaq.com/symbol/ddd
JOBS,"51job, Inc.",65.81,2397864414,36436171,2004,Technology,Diversified Commercial Services,https://www.nasdaq.com/symbol/jobs
WUBA,58.com Inc.,54.65,8095783562,n/a,2013,Technology,"Computer Software: Programming, Data Processing",https://www.nasdaq.com/symbol/wuba
EGHT,8x8 Inc,17.42,1661365973,n/a,n/a,Technology,EDP Services,https://www.nasdaq.com/symbol/eght
ATEN,"A10 Networks, Inc.",5.83,430244771.1,n/a,2014,Technology,Computer Communications Equipment,https://www.nasdaq.com/symbol/aten
AAN,"Aaron&#39;s,  Inc.",48.26,3502628806,n/a,n/a,Technology,Diversified Commercial Services,https://www.nasdaq.com/symbol/aan
ACIA,"Acacia Communications, Inc.",44.38,1794870858,n/a,2016,Technology,Semiconductors,https://www.nasdaq.com/symbol/acia
ACIW,"ACI Worldwide, Inc.",28.44,3298461104,n/a,n/a,Technology,Computer Software: Prepackaged Software,https://www.nasdaq.com/symbol/aciw
ACMR,"ACM Research, Inc.",10.99,175881080.6,n/a,2017,Technology,Industrial Machinery/Components,https://www.nasdaq.com/symbol/acmr
ATVI,"Activision Blizzard, Inc",50.9,38839281546,n/a,n/a,Technology,Computer Software: Prepackaged Software,https://www.nasdaq.com/symbol/atvi
ATU,Actuant Corporation,25.23,1539433983,n/a,n/a,Technology,Industrial Machinery/Components,https://www.nasdaq.com/symbol/atu
IOTS,Adesto Technologies Corporation,5.26,153952215.3,n/a,2015,Technology,Semiconductors,https://www.nasdaq.com/symbol/iots
ADBE,Adobe Inc.,226.06,1.10347E+11,n/a,1986,Technology,Computer Software: Prepackaged Software,https://www.nasdaq.com/symbol/adbe
AMD,"Advanced Micro Devices, Inc.",18.73,18718897156,n/a,n/a,Technology,Semiconductors,https://www.nasdaq.com/symbol/amd
AER,Aercap Holdings N.V.,50.01,7349523461,n/a,2006,Technology,Diversified Commercial Services,https://www.nasdaq.com/symbol/aer
ACY,AeroCentury Corp.,11.79,16702881.21,n/a,n/a,Technology,Diversified Commercial Services,https://www.nasdaq.com/symbol/acy
HIVE,"Aerohive Networks, Inc.",3.84,213332812.8,n/a,2014,Technology,EDP Services,https://www.nasdaq.com/symbol/hive
AGYS,"Agilysys, Inc.",16.12,379276373.3,n/a,n/a,Technology,EDP Services,https://www.nasdaq.com/symbol/agys
AGMH,AGM Group Holdings Inc.,41.2,878221466,n/a,2018,Technology,EDP Services,https://www.nasdaq.com/symbol/agmh
AL,Air Lease Corporation,37.49,4025935181,n/a,2011,Technology,Diversified Commercial Services,https://www.nasdaq.com/symbol/al
AYR,Aircastle Limited,19.04,1451369220,n/a,2006,Technology,Diversified Commercial Services,https://www.nasdaq.com/symbol/ayr
AIRG,"Airgain, Inc.",12.55,124429623.1,n/a,2016,Technology,Radio And Television Broadcasting And Communications Equipment,https://www.nasdaq.com/symbol/airg
AMCN,AirMedia Group Inc,0.294,13282258.21,45177749,2007,Technology,Advertising,https://www.nasdaq.com/symbol/amcn
ALRM,"Alarm.com Holdings, Inc.",45.26,2172621800,n/a,2015,Technology,Computer Software: Prepackaged Software,https://www.nasdaq.com/symbol/alrm
ALYA,Alithya Group inc.,3.92,189743095.9,n/a,n/a,Technology,"Computer Software: Programming, Data Processing",https://www.nasdaq.com/symbol/alya
ALLT,Allot Communications Ltd.,6.8,229257444,n/a,2006,Technology,Computer Communications Equipment,https://www.nasdaq.com/symbol/allt
MDRX,"Allscripts Healthcare Solutions, Inc.",9.54,1666773535,n/a,n/a,Technology,EDP Services,https://www.nasdaq.com/symbol/mdrx
AOSL,Alpha and Omega Semiconductor Limited,10.05,239068756.8,n/a,2010,Technology,Semiconductors,https://www.nasdaq.com/symbol/aosl
GOOG,Alphabet Inc.,1037.59,7.21609E+11,n/a,2004,Technology,"Computer Software: Programming, Data Processing",https://www.nasdaq.com/symbol/goog
GOOGL,Alphabet Inc.,1043.3,7.2558E+11,n/a,n/a,Technology,"Computer Software: Programming, Data Processing",https://www.nasdaq.com/symbol/googl
AABA,Altaba Inc.,62.15,37451424122,n/a,n/a,Technology,EDP Services,https://www.nasdaq.com/symbol/aaba
ALTR,Altair Engineering Inc.,29.42,2069061557,n/a,2017,Technology,Computer Software: Prepackaged Software,https://www.nasdaq.com/symbol/altr
AYX,"Alteryx, Inc.",52.41,3217094455,n/a,2017,Technology,Computer Software: Prepackaged Software,https://www.nasdaq.com/symbol/ayx
AMBA,"Ambarella, Inc.",32.65,1046648023,n/a,2012,Technology,Semiconductors,https://www.nasdaq.com/symbol/amba
AMBR,"Amber Road, Inc.",8.56,237901523,n/a,2014,Technology,Computer Software: Prepackaged Software,https://www.nasdaq.com/symbol/ambr
DOX,Amdocs Limited,64.95,9186787800,n/a,n/a,Technology,EDP Services,https://www.nasdaq.com/symbol/dox
AMRH,"Ameri Holdings, Inc.",0.2712,6203278.826,n/a,n/a,Technology,Semiconductors,https://www.nasdaq.com/symbol/amrh
AMRHW,"Ameri Holdings, Inc.",0.0301,0,n/a,n/a,Technology,Semiconductors,https://www.nasdaq.com/symbol/amrhw
AMSWA,"American Software, Inc.",10.84,335024628,n/a,n/a,Technology,Computer Software: Prepackaged Software,https://www.nasdaq.com/symbol/amswa
AMKR,"Amkor Technology, Inc.",6.34,1518638960,n/a,1998,Technology,Semiconductors,https://www.nasdaq.com/symbol/amkr
AMN,AMN Healthcare Services Inc,60.18,2820508838,n/a,n/a,Technology,Professional Services,https://www.nasdaq.com/symbol/amn
ASYS,"Amtech Systems, Inc.",5.5,82432597.5,n/a,n/a,Technology,Industrial Machinery/Components,https://www.nasdaq.com/symbol/asys
ADI,"Analog Devices, Inc.",89.68,33331362551,n/a,n/a,Technology,Semiconductors,https://www.nasdaq.com/symbol/adi
PLAN,"Anaplan, Inc.",20.95,0,n/a,2018,Technology,Computer Software: Prepackaged Software,https://www.nasdaq.com/symbol/plan
ANSS,"ANSYS, Inc.",152.01,12701958336,n/a,1996,Technology,Computer Software: Prepackaged Software,https://www.nasdaq.com/symbol/anss
APY,Apergy Corporation,36.76,2843048911,n/a,2018,Technology,Industrial Machinery/Components,https://www.nasdaq.com/symbol/apy
APPF,"AppFolio, Inc.",57.02,1952965107,n/a,2015,Technology,Computer Software: Prepackaged Software,https://www.nasdaq.com/symbol/appf
APPN,Appian Corporation,26.15,1664995787,n/a,2017,Technology,Computer Software: Prepackaged Software,https://www.nasdaq.com/symbol/appn
AAPL,Apple Inc.,176.78,8.38891E+11,n/a,1980,Technology,Computer Manufacturing,https://www.nasdaq.com/symbol/aapl
AMAT,"Applied Materials, Inc.",35.19,34591436434,n/a,1972,Technology,Semiconductors,https://www.nasdaq.com/symbol/amat
AAOI,"Applied Optoelectronics, Inc.",20.26,401120912.4,n/a,2013,Technology,Semiconductors,https://www.nasdaq.com/symbol/aaoi
APTI,"Apptio, Inc.",37.83,1706515726,n/a,2016,Technology,Computer Software: Prepackaged Software,https://www.nasdaq.com/symbol/apti
AQ,Aquantia Corp.,9.62,329583172.1,n/a,2017,Technology,Semiconductors,https://www.nasdaq.com/symbol/aq
ANET,"Arista Networks, Inc.",219.02,16520087246,n/a,2014,Technology,Computer Communications Equipment,https://www.nasdaq.com/symbol/anet
ARRS,ARRIS International plc,30.68,5333562851,n/a,n/a,Technology,Radio And Television Broadcasting And Communications Equipment,https://www.nasdaq.com/symbol/arrs
ASX,"ASE Technology Holding Co., Ltd.",3.63,7577993663,n/a,2018,Technology,Semiconductors,https://www.nasdaq.com/symbol/asx
ASGN,ASGN Incorporated,67.95,3565813985,n/a,1992,Technology,Professional Services,https://www.nasdaq.com/symbol/asgn
ASML,ASML Holding N.V.,163.91,11869139923,72412543,1995,Technology,Industrial Machinery/Components,https://www.nasdaq.com/symbol/asml
AZPN,"Aspen Technology, Inc.",79,5590820283,n/a,1994,Technology,EDP Services,https://www.nasdaq.com/symbol/azpn
ALOT,"AstroNova, Inc.",19.65,134767776.2,n/a,1983,Technology,Computer peripheral equipment,https://www.nasdaq.com/symbol/alot
ASUR,Asure Software Inc,6.48,98654008.32,n/a,n/a,Technology,EDP Services,https://www.nasdaq.com/symbol/asur
TEAM,Atlassian Corporation Plc,72.13,17177512455,n/a,2015,Technology,Computer Software: Prepackaged Software,https://www.nasdaq.com/symbol/team
ATOM,Atomera Incorporated,3.45,42809411.25,n/a,2016,Technology,Semiconductors,https://www.nasdaq.com/symbol/atom
ATTU,Attunity Ltd.,20.34,433991569.7,n/a,n/a,Technology,Computer Software: Prepackaged Software,https://www.nasdaq.com/symbol/attu
AUO,AU Optronics Corp,4.12,3965188985,n/a,2002,Technology,Semiconductors,https://www.nasdaq.com/symbol/auo
AEYE,"AudioEye, Inc.",6.2,46374605,n/a,n/a,Technology,Computer Software: Prepackaged Software,https://www.nasdaq.com/symbol/aeye
JG,Aurora Mobile Limited,5.91,66040526.7,11174370,2018,Technology,"Computer Software: Programming, Data Processing",https://www.nasdaq.com/symbol/jg
ADSK,"Autodesk, Inc.",135.07,29528548619,n/a,n/a,Technology,Computer Software: Prepackaged Software,https://www.nasdaq.com/symbol/adsk
ATHM,Autohome Inc.,79.04,9258813258,n/a,2013,Technology,EDP Services,https://www.nasdaq.com/symbol/athm
ADP,"Automatic Data Processing, Inc.",141.08,61755300959,n/a,n/a,Technology,EDP Services,https://www.nasdaq.com/symbol/adp
AUTO,"AutoWeb, Inc.",2.02,26156879,n/a,n/a,Technology,"Computer Software: Programming, Data Processing",https://www.nasdaq.com/symbol/auto
AVLR,"Avalara, Inc.",31.06,2064628116,n/a,2018,Technology,Computer Software: Prepackaged Software,https://www.nasdaq.com/symbol/avlr
AVNW,"Aviat Networks, Inc.",14.985,81286851.78,n/a,n/a,Technology,Radio And Television Broadcasting And Communications Equipment,https://www.nasdaq.com/symbol/avnw
AVID,"Avid Technology, Inc.",6.02,251952947,n/a,1993,Technology,Computer Software: Prepackaged Software,https://www.nasdaq.com/symbol/avid
AWRE,"Aware, Inc.",3.56,76700602.28,n/a,1996,Technology,Computer Software: Prepackaged Software,https://www.nasdaq.com/symbol/awre
ACLS,"Axcelis Technologies, Inc.",17.82,577584459.5,n/a,2000,Technology,Industrial Machinery/Components,https://www.nasdaq.com/symbol/acls
AXTI,AXT Inc,5.24,207178182,n/a,1998,Technology,Semiconductors,https://www.nasdaq.com/symbol/axti
BOSC,B.O.S. Better Online Solutions,2.36,8386765.04,n/a,n/a,Technology,Computer Communications Equipment,https://www.nasdaq.com/symbol/bosc
BIDU,"Baidu, Inc.",183.95,51641464459,280736420,2005,Technology,"Computer Software: Programming, Data Processing",https://www.nasdaq.com/symbol/bidu
BAND,Bandwidth Inc.,43.77,847164717.1,n/a,2017,Technology,Computer Software: Prepackaged Software,https://www.nasdaq.com/symbol/band
BBSI,"Barrett Business Services, Inc.",69.15,510402995.9,n/a,1993,Technology,Professional Services,https://www.nasdaq.com/symbol/bbsi
BHE,"Benchmark Electronics, Inc.",23.29,1018014191,n/a,n/a,Technology,Electrical Products,https://www.nasdaq.com/symbol/bhe
BNFT,"Benefitfocus, Inc.",43.25,1382293658,n/a,2013,Technology,Computer Software: Prepackaged Software,https://www.nasdaq.com/symbol/bnft
BGSF,BG Staffing Inc,23.9,242773260.3,n/a,n/a,Technology,Professional Services,https://www.nasdaq.com/symbol/bgsf
BILI,Bilibili Inc.,15.14,833574425.8,55057756,2018,Technology,EDP Services,https://www.nasdaq.com/symbol/bili
BKYI,"BIO-key International, Inc.",1.2791,16106629.3,n/a,n/a,Technology,Computer Communications Equipment,https://www.nasdaq.com/symbol/bkyi
BITA,Bitauto Holdings Limited,18.8,1367511361,n/a,2010,Technology,EDP Services,https://www.nasdaq.com/symbol/bita
BKTI,"BK Technologies, Inc.",3.6283,49002132.64,n/a,n/a,Technology,Radio And Television Broadcasting And Communications Equipment,https://www.nasdaq.com/symbol/bkti
BBOX,Black Box Corporation,1.06,16151772.26,n/a,n/a,Technology,Computer Communications Equipment,https://www.nasdaq.com/symbol/bbox
BKI,"Black Knight, Inc.",44.56,6657247646,n/a,2017,Technology,Computer Software: Prepackaged Software,https://www.nasdaq.com/symbol/bki
BLKB,"Blackbaud, Inc.",70.58,3428001714,n/a,2004,Technology,Computer Software: Prepackaged Software,https://www.nasdaq.com/symbol/blkb
BB,BlackBerry Limited,8.78,4746285350,n/a,n/a,Technology,Computer Software: Prepackaged Software,https://www.nasdaq.com/symbol/bb
BL,"BlackLine, Inc.",38.78,2119130657,n/a,2016,Technology,Computer Software: Prepackaged Software,https://www.nasdaq.com/symbol/bl
BDR,"Blonder Tongue Laboratories, Inc.",1.08,10433381.04,n/a,n/a,Technology,Radio And Television Broadcasting And Communications Equipment,https://www.nasdaq.com/symbol/bdr
BRQS,"Borqs Technologies, Inc. ",2.94,92031849,n/a,2015,Technology,EDP Services,https://www.nasdaq.com/symbol/brqs
EPAY,"Bottomline Technologies, Inc.",52.53,2263619188,n/a,1999,Technology,Computer Software: Prepackaged Software,https://www.nasdaq.com/symbol/epay
BOX,"Box, Inc.",16.8,2379054535,n/a,2015,Technology,Computer Software: Prepackaged Software,https://www.nasdaq.com/symbol/box
BLIN          ,"Bridgeline Digital, Inc.",0.3446,1952236.535,n/a,n/a,Technology,Computer Software: Prepackaged Software,https://www.nasdaq.com/symbol/blin
BCOV,Brightcove Inc.,7.07,257938451.1,n/a,2012,Technology,EDP Services,https://www.nasdaq.com/symbol/bcov
AVGO,Broadcom Inc.,230.02,95101022585,n/a,2009,Technology,Semiconductors,https://www.nasdaq.com/symbol/avgo
BVSN,"BroadVision, Inc.",1.809,9043469.586,n/a,1996,Technology,Computer Software: Prepackaged Software,https://www.nasdaq.com/symbol/bvsn
BRKS,"Brooks Automation, Inc.",24.73,1748466915,n/a,1995,Technology,Industrial Machinery/Components,https://www.nasdaq.com/symbol/brks
CCMP,Cabot Microelectronics Corporation,99.74,2863208752,n/a,2000,Technology,Semiconductors,https://www.nasdaq.com/symbol/ccmp
CACI,"CACI International, Inc.",176.54,4386825865,n/a,n/a,Technology,EDP Services,https://www.nasdaq.com/symbol/caci
CDNS,"Cadence Design Systems, Inc.",43.06,12149034520,n/a,n/a,Technology,Computer Software: Prepackaged Software,https://www.nasdaq.com/symbol/cdns
CAI,"CAI International, Inc.",23.83,460066793.7,n/a,n/a,Technology,Diversified Commercial Services,https://www.nasdaq.com/symbol/cai
CAMP,CalAmp Corp.,18.59,646206153.5,n/a,1983,Technology,Radio And Television Broadcasting And Communications Equipment,https://www.nasdaq.com/symbol/camp
CSIQ,Canadian Solar Inc.,16.5,966599122.5,n/a,2006,Technology,Semiconductors,https://www.nasdaq.com/symbol/csiq
CBLK,"Carbon Black, Inc.",16.4,1112464332,n/a,2018,Technology,Computer Software: Prepackaged Software,https://www.nasdaq.com/symbol/cblk
CARB,"Carbonite, Inc.",26.82,926843682.6,n/a,2011,Technology,EDP Services,https://www.nasdaq.com/symbol/carb
CDLX,"Cardlytics, Inc.",15.23,326097145,n/a,2018,Technology,"Computer Software: Programming, Data Processing",https://www.nasdaq.com/symbol/cdlx
CARG,"CarGurus, Inc.",38.27,4212686859,n/a,2017,Technology,EDP Services,https://www.nasdaq.com/symbol/carg
CARS,Cars.com Inc.,25.33,1736830024,n/a,2017,Technology,EDP Services,https://www.nasdaq.com/symbol/cars
CASA,"Casa Systems, Inc.",14.88,1231689783,n/a,2017,Technology,Radio And Television Broadcasting And Communications Equipment,https://www.nasdaq.com/symbol/casa
CSLT,"Castlight Health, inc.",2.49,347925845,n/a,2014,Technology,EDP Services,https://www.nasdaq.com/symbol/cslt
CLS,"Celestica, Inc.",9.82,1166697310,n/a,1998,Technology,Electrical Products,https://www.nasdaq.com/symbol/cls
CRNT,Ceragon Networks Ltd.,4.53,355017875.8,n/a,n/a,Technology,Radio And Television Broadcasting And Communications Equipment,https://www.nasdaq.com/symbol/crnt
CDAY,Ceridian HCM Holding Inc.,36.34,4922524460,n/a,2018,Technology,Computer Software: Prepackaged Software,https://www.nasdaq.com/symbol/cday
CERN,Cerner Corporation,56.61,18652331757,n/a,1986,Technology,EDP Services,https://www.nasdaq.com/symbol/cern
CEVA,"CEVA, Inc.",25.78,564643253.3,n/a,n/a,Technology,Semiconductors,https://www.nasdaq.com/symbol/ceva
CYOU,Changyou.com Limited,18.245,356982691.7,19566056,2009,Technology,Computer Software: Prepackaged Software,https://www.nasdaq.com/symbol/cyou
ECOM          ,ChannelAdvisor Corporation,10.69,291968155.6,n/a,2013,Technology,Computer Software: Prepackaged Software,https://www.nasdaq.com/symbol/ecom
CHKP,Check Point Software Technologies Ltd.,107.99,17174155957,n/a,1996,Technology,Computer Software: Prepackaged Software,https://www.nasdaq.com/symbol/chkp
CMCM,Cheetah Mobile Inc.,9.36,1335344054,n/a,2014,Technology,Computer Software: Prepackaged Software,https://www.nasdaq.com/symbol/cmcm
CVR,Chicago Rivet & Machine Co.,32,30916224,n/a,n/a,Technology,Industrial Machinery/Components,https://www.nasdaq.com/symbol/cvr
CCIH,ChinaCache International Holdings Ltd.,1.44,34792531.2,24161480,2010,Technology,EDP Services,https://www.nasdaq.com/symbol/ccih
CNET,"ChinaNet Online Holdings, Inc.",1.8005,29046643.67,n/a,n/a,Technology,"Computer Software: Programming, Data Processing",https://www.nasdaq.com/symbol/cnet
IMOS,ChipMOS TECHNOLOGIES INC.,17.45,96255526.2,5516076,n/a,Technology,Semiconductors,https://www.nasdaq.com/symbol/imos
CRUS,"Cirrus Logic, Inc.",38.3,2292036652,n/a,1989,Technology,Semiconductors,https://www.nasdaq.com/symbol/crus
CSCO,"Cisco Systems, Inc.",44.89,2.01824E+11,n/a,1990,Technology,Computer Communications Equipment,https://www.nasdaq.com/symbol/csco
CISN,Cision Ltd.,12.59,1670863657,n/a,2017,Technology,Computer Software: Prepackaged Software,https://www.nasdaq.com/symbol/cisn
CTXS,"Citrix Systems, Inc.",106.89,14404687412,n/a,1995,Technology,Computer Software: Prepackaged Software,https://www.nasdaq.com/symbol/ctxs
CLDR,"Cloudera, Inc.",11.4,1746611590,n/a,2017,Technology,Computer Software: Prepackaged Software,https://www.nasdaq.com/symbol/cldr
CLPS,CLPS Incorporation,5.8591,80936558.62,n/a,2018,Technology,Computer Software: Prepackaged Software,https://www.nasdaq.com/symbol/clps
CTSH,Cognizant Technology Solutions Corporation,68.68,39767643658,n/a,1998,Technology,EDP Services,https://www.nasdaq.com/symbol/ctsh
CCNI,"Command Center, Inc.",3.7,18050790.4,n/a,n/a,Technology,Professional Services,https://www.nasdaq.com/symbol/ccni
COMM,"CommScope Holding Company, Inc.",17.83,3427338658,n/a,2013,Technology,Radio And Television Broadcasting And Communications Equipment,https://www.nasdaq.com/symbol/comm
CVLT,"Commvault Systems, Inc.",57.41,2657414403,n/a,2006,Technology,Computer Software: Prepackaged Software,https://www.nasdaq.com/symbol/cvlt
CPSI,"Computer Programs and Systems, Inc.",25.5,359192719.5,n/a,2002,Technology,EDP Services,https://www.nasdaq.com/symbol/cpsi
CTG,"Computer Task Group, Incorporated",4.3,61406223.1,n/a,n/a,Technology,EDP Services,https://www.nasdaq.com/symbol/ctg
CMTL,Comtech Telecommunications Corp.,25.46,608634717.4,n/a,n/a,Technology,Radio And Television Broadcasting And Communications Equipment,https://www.nasdaq.com/symbol/cmtl
CVON,"ConvergeOne Holdings, Inc.",12.59,961854710.3,n/a,2017,Technology,Computer Software: Prepackaged Software,https://www.nasdaq.com/symbol/cvon
CTK,CooTek (Cayman) Inc.,5.8,370716477.2,n/a,2018,Technology,EDP Services,https://www.nasdaq.com/symbol/ctk
CLGX,"CoreLogic, Inc.",39.65,3194262008,n/a,n/a,Technology,EDP Services,https://www.nasdaq.com/symbol/clgx
CSOD,"Cornerstone OnDemand, Inc.",48.64,2850898478,n/a,2011,Technology,Computer Software: Prepackaged Software,https://www.nasdaq.com/symbol/csod
CPAH,CounterPath Corporation,2.214,13221175.54,n/a,n/a,Technology,Computer Software: Prepackaged Software,https://www.nasdaq.com/symbol/cpah
COUP,Coupa Software Incorporated,56.97,3307821593,n/a,2016,Technology,Computer Software: Prepackaged Software,https://www.nasdaq.com/symbol/coup
CRAY,Cray Inc,24.75,1010708177,n/a,n/a,Technology,Computer Manufacturing,https://www.nasdaq.com/symbol/cray
CREX,"Creative Realities, Inc.",3.3,9775791.3,n/a,n/a,Technology,EDP Services,https://www.nasdaq.com/symbol/crex
CREXW,"Creative Realities, Inc.",0.6639,0,n/a,n/a,Technology,EDP Services,https://www.nasdaq.com/symbol/crexw
CREE,"Cree, Inc.",42.57,4365950806,n/a,1993,Technology,Semiconductors,https://www.nasdaq.com/symbol/cree
CRTO,Criteo S.A.,22.51,1480427258,65767537,2013,Technology,Advertising,https://www.nasdaq.com/symbol/crto
CCRN,"Cross Country Healthcare, Inc.",8.46,306681209.6,n/a,2001,Technology,Professional Services,https://www.nasdaq.com/symbol/ccrn
CSGS,"CSG Systems International, Inc.",35.35,1178159506,n/a,1996,Technology,EDP Services,https://www.nasdaq.com/symbol/csgs
CSPI,CSP Inc.,11.3394,45553250.01,n/a,1982,Technology,EDP Services,https://www.nasdaq.com/symbol/cspi
CTS,CTS Corporation,28.99,959193376.6,n/a,n/a,Technology,Electrical Products,https://www.nasdaq.com/symbol/cts
CW,Curtiss-Wright Corporation,107.17,4692996484,n/a,n/a,Technology,Industrial Machinery/Components,https://www.nasdaq.com/symbol/cw
CVV,CVD Equipment Corporation,4.52,29413963.28,n/a,n/a,Technology,Industrial Machinery/Components,https://www.nasdaq.com/symbol/cvv
CYBR,CyberArk Software Ltd.,65.99,2347820134,n/a,2014,Technology,Computer Software: Prepackaged Software,https://www.nasdaq.com/symbol/cybr
CY,Cypress Semiconductor Corporation,13.69,4955096034,n/a,1986,Technology,Semiconductors,https://www.nasdaq.com/symbol/cy
CYRN,CYREN Ltd.,2.89,155293135.6,n/a,n/a,Technology,Computer Software: Prepackaged Software,https://www.nasdaq.com/symbol/cyrn
DQ,DAQO New Energy Corp.,23.96,308216911.6,n/a,2010,Technology,Semiconductors,https://www.nasdaq.com/symbol/dq
DWCH,Datawatch Corporation,13.05,166214548.4,n/a,1992,Technology,Computer Software: Prepackaged Software,https://www.nasdaq.com/symbol/dwch
DVMT,Dell Technologies Inc.,102.99,20531735307,n/a,n/a,Technology,Computer Manufacturing,https://www.nasdaq.com/symbol/dvmt
DTRM,"Determine, Inc. ",0.4546,6844794.913,n/a,n/a,Technology,Computer Software: Prepackaged Software,https://www.nasdaq.com/symbol/dtrm
DGII,Digi International Inc.,11.69,320627498.4,n/a,1989,Technology,Computer Communications Equipment,https://www.nasdaq.com/symbol/dgii
DMRC,Digimarc Corporation,19.4,230479857,n/a,n/a,Technology,EDP Services,https://www.nasdaq.com/symbol/dmrc
DGLY,"Digital Ally, Inc.",2.89,30127533.28,n/a,n/a,Technology,Radio And Television Broadcasting And Communications Equipment,https://www.nasdaq.com/symbol/dgly
DIOD,Diodes Incorporated,33.1,1662310234,n/a,n/a,Technology,Semiconductors,https://www.nasdaq.com/symbol/diod
DLHC,DLH Holdings Corp.,5.12,60925409.28,n/a,n/a,Technology,Professional Services,https://www.nasdaq.com/symbol/dlhc
DOCU,"DocuSign, Inc.",40.75,6389950002,n/a,2018,Technology,Computer Software: Prepackaged Software,https://www.nasdaq.com/symbol/docu
DOMO,"Domo, Inc.",15.07,396902658.9,n/a,2018,Technology,Computer Software: Prepackaged Software,https://www.nasdaq.com/symbol/domo
DOV,Dover Corporation,85.02,12441203943,n/a,n/a,Technology,Industrial Machinery/Components,https://www.nasdaq.com/symbol/dov
DBX,"Dropbox, Inc.",21.75,8841887430,n/a,2018,Technology,Computer Software: Prepackaged Software,https://www.nasdaq.com/symbol/dbx
DSPG,"DSP Group, Inc.",11.6,257476476.8,n/a,1994,Technology,Semiconductors,https://www.nasdaq.com/symbol/dspg
DXC,DXC Technology Company,58.19,16299811606,n/a,n/a,Technology,EDP Services,https://www.nasdaq.com/symbol/dxc
ETN,"Eaton Corporation, PLC",74.08,32106272000,n/a,n/a,Technology,Industrial Machinery/Components,https://www.nasdaq.com/symbol/etn
EBIX,"Ebix, Inc.",48.57,1518792060,n/a,n/a,Technology,EDP Services,https://www.nasdaq.com/symbol/ebix
SATS,EchoStar Corporation,41.8701,4029374558,n/a,n/a,Technology,Radio And Television Broadcasting And Communications Equipment,https://www.nasdaq.com/symbol/sats
EGAN,eGain Corporation,6.91,192589183.5,n/a,1999,Technology,Computer Software: Prepackaged Software,https://www.nasdaq.com/symbol/egan
ESTC,Elastic N.V.,63.9,0,n/a,2018,Technology,Computer Software: Prepackaged Software,https://www.nasdaq.com/symbol/estc
EA,Electronic Arts Inc.,84.02,25384853038,n/a,n/a,Technology,Computer Software: Prepackaged Software,https://www.nasdaq.com/symbol/ea
EFII,"Electronics for Imaging, Inc.",27.13,1191864606,n/a,1992,Technology,Computer Communications Equipment,https://www.nasdaq.com/symbol/efii
ELLI,"Ellie Mae, Inc.",65.07,2267130093,n/a,2011,Technology,Computer Software: Prepackaged Software,https://www.nasdaq.com/symbol/elli
ELTK,Eltek Ltd.,3.28,6653650.56,n/a,1997,Technology,Electrical Products,https://www.nasdaq.com/symbol/eltk
EMAN,eMagin Corporation,1.3,58709654.9,n/a,n/a,Technology,Semiconductors,https://www.nasdaq.com/symbol/eman
EMKR,EMCORE Corporation,4.4399,122069926.9,n/a,1997,Technology,Semiconductors,https://www.nasdaq.com/symbol/emkr
DAVA,Endava plc,25.25,1339086785,n/a,2018,Technology,EDP Services,https://www.nasdaq.com/symbol/dava
EIGI,"Endurance International Group Holdings, Inc.",8.08,1162351616,n/a,2013,Technology,Computer Software: Prepackaged Software,https://www.nasdaq.com/symbol/eigi
WATT,Energous Corporation,8.04,209800584,n/a,2014,Technology,Radio And Television Broadcasting And Communications Equipment,https://www.nasdaq.com/symbol/watt
ERII,"Energy Recovery, Inc.",8.17,440054909.3,n/a,2008,Technology,Industrial Machinery/Components,https://www.nasdaq.com/symbol/erii
ENPH,"Enphase Energy, Inc.",5.08,540146783.6,n/a,2012,Technology,Semiconductors,https://www.nasdaq.com/symbol/enph
EPAM,"EPAM Systems, Inc.",120.52,6509209513,n/a,2012,Technology,EDP Services,https://www.nasdaq.com/symbol/epam
PLUS,ePlus inc.,77.23,1058416607,n/a,1996,Technology,Retail: Computer Software & Peripheral Equipment,https://www.nasdaq.com/symbol/plus
ERIC,Ericsson,8.17,2542504825,311200101,n/a,Technology,Radio And Television Broadcasting And Communications Equipment,https://www.nasdaq.com/symbol/eric
EB,"Eventbrite, Inc.",27.99,2190300043,n/a,2018,Technology,"Computer Software: Programming, Data Processing",https://www.nasdaq.com/symbol/eb
EVBG,"Everbridge, Inc.",45.57,1351219584,n/a,2016,Technology,Computer Software: Prepackaged Software,https://www.nasdaq.com/symbol/evbg
EVER,"EverQuote, Inc.",5.48,136665106.2,n/a,2018,Technology,"Computer Software: Programming, Data Processing",https://www.nasdaq.com/symbol/ever
MRAM,"Everspin Technologies, Inc.",7.19,122906392.1,n/a,2016,Technology,Semiconductors,https://www.nasdaq.com/symbol/mram
EVTC,"Evertec, Inc.",26.54,1930557207,n/a,2013,Technology,EDP Services,https://www.nasdaq.com/symbol/evtc
EVOL,"Evolving Systems, Inc.",1.47,17812010.58,n/a,1998,Technology,EDP Services,https://www.nasdaq.com/symbol/evol
AQUA,Evoqua Water Technologies Corp.,8.39,955543635.8,n/a,2017,Technology,Industrial Machinery/Components,https://www.nasdaq.com/symbol/aqua
EXTN,Exterran Corporation,22.45,811641809.5,n/a,2015,Technology,Diversified Commercial Services,https://www.nasdaq.com/symbol/extn
EXTR,"Extreme Networks, Inc.",6.07,718308497.5,n/a,1999,Technology,Computer Communications Equipment,https://www.nasdaq.com/symbol/extr
FFIV,"F5 Networks, Inc.",168.61,10222354553,n/a,1999,Technology,Computer Communications Equipment,https://www.nasdaq.com/symbol/ffiv
FB,"Facebook, Inc.",134.82,3.87444E+11,n/a,2012,Technology,"Computer Software: Programming, Data Processing",https://www.nasdaq.com/symbol/fb
FDS,FactSet Research Systems Inc.,227.98,8671742514,n/a,1996,Technology,"Computer Software: Programming, Data Processing",https://www.nasdaq.com/symbol/fds
SFUN,Fang Holdings Limited,1.69,751932367.6,n/a,2010,Technology,EDP Services,https://www.nasdaq.com/symbol/sfun
FNSR,Finisar Corporation,21.805,2559587927,n/a,1999,Technology,Semiconductors,https://www.nasdaq.com/symbol/fnsr
FEYE,"FireEye, Inc.",17.905,3527553324,n/a,2013,Technology,Computer peripheral equipment,https://www.nasdaq.com/symbol/feye
FSLR,"First Solar, Inc.",42.57,4461973571,n/a,2006,Technology,Semiconductors,https://www.nasdaq.com/symbol/fslr
FISV,"Fiserv, Inc.",76.84,30618494505,n/a,1986,Technology,EDP Services,https://www.nasdaq.com/symbol/fisv
FIT,"Fitbit, Inc.",5.33,1324671717,n/a,2015,Technology,Computer Manufacturing,https://www.nasdaq.com/symbol/fit
FIVN,"Five9, Inc.",37.34,2194544837,n/a,2014,Technology,EDP Services,https://www.nasdaq.com/symbol/fivn
FLEX,Flex Ltd.,8.13,4281147595,n/a,1994,Technology,Electrical Products,https://www.nasdaq.com/symbol/flex
FPAY,"FlexShopper, Inc.",0.74,13009103.8,n/a,n/a,Technology,Diversified Commercial Services,https://www.nasdaq.com/symbol/fpay
FPAYW,"FlexShopper, Inc.",0.21,0,n/a,n/a,Technology,Diversified Commercial Services,https://www.nasdaq.com/symbol/fpayw
FSCT,"ForeScout Technologies, Inc.",24.65,1056553723,n/a,2017,Technology,Computer peripheral equipment,https://www.nasdaq.com/symbol/fsct
FRSX,Foresight Autonomous Holdings Ltd.,2.35,3553496.1,1512126,n/a,Technology,Computer Software: Prepackaged Software,https://www.nasdaq.com/symbol/frsx
FORM,"FormFactor, Inc.",14.79,1095973535,n/a,2003,Technology,Semiconductors,https://www.nasdaq.com/symbol/form
FORTY,Formula Systems (1985) Ltd.,36.78,5875678.56,159752,n/a,Technology,EDP Services,https://www.nasdaq.com/symbol/forty
FTNT,"Fortinet, Inc.",68.54,11677173851,n/a,2009,Technology,Computer peripheral equipment,https://www.nasdaq.com/symbol/ftnt
FSNN,"Fusion Connect, Inc.",2.13,174900626.1,n/a,n/a,Technology,Computer Software: Prepackaged Software,https://www.nasdaq.com/symbol/fsnn
GDI,"Gardner Denver Holdings, Inc.",24.75,4919377741,n/a,2017,Technology,Industrial Machinery/Components,https://www.nasdaq.com/symbol/gdi
GTES,Gates Industrial Corporation plc,14.44,4184082113,n/a,2018,Technology,Industrial Machinery/Components,https://www.nasdaq.com/symbol/gtes
GDS,GDS Holdings Limited,27.05,1327147306,49062747,2016,Technology,"Computer Software: Programming, Data Processing",https://www.nasdaq.com/symbol/gds
JOB,GEE Group Inc.,1.87,20208074.59,n/a,n/a,Technology,Diversified Commercial Services,https://www.nasdaq.com/symbol/job
GFN,General Finance Corporation,13.56,362825652.2,n/a,n/a,Technology,Diversified Commercial Services,https://www.nasdaq.com/symbol/gfn
GFNCP,General Finance Corporation,100.01,0,n/a,n/a,Technology,Diversified Commercial Services,https://www.nasdaq.com/symbol/gfncp
GFNSL,General Finance Corporation,25.14,0,n/a,n/a,Technology,Diversified Commercial Services,https://www.nasdaq.com/symbol/gfnsl
GIGM,GigaMedia Limited,2.87,31719914.45,n/a,n/a,Technology,"Computer Software: Programming, Data Processing",https://www.nasdaq.com/symbol/gigm
GILT,Gilat Satellite Networks Ltd.,9.61,526629085.9,n/a,n/a,Technology,Radio And Television Broadcasting And Communications Equipment,https://www.nasdaq.com/symbol/gilt
GSB,"GlobalSCAPE, Inc.",4.42,79419744.56,n/a,n/a,Technology,Computer Software: Prepackaged Software,https://www.nasdaq.com/symbol/gsb
GLOB,Globant S.A.,52.66,1890494000,n/a,2014,Technology,EDP Services,https://www.nasdaq.com/symbol/glob
GLUU,Glu Mobile Inc.,6.92,991269157,n/a,2007,Technology,EDP Services,https://www.nasdaq.com/symbol/gluu
GDDY,GoDaddy Inc.,60.53,10502959798,n/a,2015,Technology,EDP Services,https://www.nasdaq.com/symbol/gddy
GHM,Graham Corporation,24.83,244115549.1,n/a,n/a,Technology,Industrial Machinery/Components,https://www.nasdaq.com/symbol/ghm
GEC,"Great Elm Capital Group, Inc. ",3.58,92743440.62,n/a,n/a,Technology,Computer Software: Prepackaged Software,https://www.nasdaq.com/symbol/gec
GRNQ,Greenpro Capital Corp.,4.3,235275734.1,n/a,n/a,Technology,EDP Services,https://www.nasdaq.com/symbol/grnq
GSUM,Gridsum Holding Inc.,4.38,69515509.98,15871121,2016,Technology,Computer Software: Prepackaged Software,https://www.nasdaq.com/symbol/gsum
GRPN,"Groupon, Inc.",2.97,1695216645,n/a,2011,Technology,Advertising,https://www.nasdaq.com/symbol/grpn
GVP,"GSE Systems, Inc.",3.1,61482619.3,n/a,n/a,Technology,Computer Software: Prepackaged Software,https://www.nasdaq.com/symbol/gvp
GSIT,"GSI Technology, Inc.",5.62,123345646.9,n/a,2007,Technology,Semiconductors,https://www.nasdaq.com/symbol/gsit
GWRE,"Guidewire Software, Inc.",83.8,6788428835,n/a,2012,Technology,Computer Software: Prepackaged Software,https://www.nasdaq.com/symbol/gwre
HQCL,"Hanwha Q CELLS Co., Ltd. ",9.69,53309777.25,5501525,n/a,Technology,Semiconductors,https://www.nasdaq.com/symbol/hqcl
HLIT,Harmonic Inc.,5.57,482906372.8,n/a,1995,Technology,Radio And Television Broadcasting And Communications Equipment,https://www.nasdaq.com/symbol/hlit
HHS,"Harte-Hanks, Inc.",3.91,24453229.93,n/a,1993,Technology,Advertising,https://www.nasdaq.com/symbol/hhs
HSTM,"HealthStream, Inc.",23.62,763526160.6,n/a,2000,Technology,"Computer Software: Programming, Data Processing",https://www.nasdaq.com/symbol/hstm
HSII,"Heidrick & Struggles International, Inc.",35.11,665639009,n/a,1999,Technology,Diversified Commercial Services,https://www.nasdaq.com/symbol/hsii
HPE,Hewlett Packard Enterprise Company,14.7,21633229760,n/a,2015,Technology,Computer Manufacturing,https://www.nasdaq.com/symbol/hpe
HIMX,"Himax Technologies, Inc.",4.12,445285962,108079117,2006,Technology,Semiconductors,https://www.nasdaq.com/symbol/himx
HDP,"Hortonworks, Inc.",14.83,1239573588,n/a,2014,Technology,Computer Software: Prepackaged Software,https://www.nasdaq.com/symbol/hdp
HPQ,HP Inc.,22.66,35857376791,n/a,n/a,Technology,Computer Manufacturing,https://www.nasdaq.com/symbol/hpq
HMI,Huami Corporation,9.61,571161854.8,n/a,2018,Technology,Computer Manufacturing,https://www.nasdaq.com/symbol/hmi
HUBS,"HubSpot, Inc.",116.92,4587036891,n/a,2014,Technology,Computer Software: Prepackaged Software,https://www.nasdaq.com/symbol/hubs
HSON,"Hudson Global, Inc.",1.47,47109608.91,n/a,n/a,Technology,Professional Services,https://www.nasdaq.com/symbol/hson
HUYA,HUYA Inc.,17.69,3605169956,n/a,2018,Technology,"Computer Software: Programming, Data Processing",https://www.nasdaq.com/symbol/huya
ICHR,Ichor Holdings,16.94,387130243.5,n/a,2016,Technology,Semiconductors,https://www.nasdaq.com/symbol/ichr
ICLK,iClick Interactive Asia Group Limited,3.65,64188235.7,17585818,2017,Technology,Computer Software: Prepackaged Software,https://www.nasdaq.com/symbol/iclk
INVE,"Identiv, Inc.",5.46,84378381.36,n/a,n/a,Technology,Computer peripheral equipment,https://www.nasdaq.com/symbol/inve
IEC,IEC Electronics Corp.,5.11,52578966.86,n/a,n/a,Technology,Electrical Products,https://www.nasdaq.com/symbol/iec
INFO,IHS Markit Ltd.,50.37,19854102585,n/a,1996,Technology,"Computer Software: Programming, Data Processing",https://www.nasdaq.com/symbol/info
ITW,Illinois Tool Works Inc.,134.05,44477989869,n/a,n/a,Technology,Industrial Machinery/Components,https://www.nasdaq.com/symbol/itw
IMMR,Immersion Corporation,9.48,292014753.1,n/a,1999,Technology,Computer peripheral equipment,https://www.nasdaq.com/symbol/immr
IMPV,"Imperva, Inc.",55.8,1964021281,n/a,n/a,Technology,Computer Software: Prepackaged Software,https://www.nasdaq.com/symbol/impv
INFY,Infosys Limited,9.07,39431521935,n/a,n/a,Technology,EDP Services,https://www.nasdaq.com/symbol/infy
INOD,Innodata Inc.,1.51,39074955.54,n/a,1993,Technology,EDP Services,https://www.nasdaq.com/symbol/inod
ISSC,"Innovative Solutions and Support, Inc.",2.14,36038881.86,n/a,2000,Technology,EDP Services,https://www.nasdaq.com/symbol/issc
INOV,"Inovalon Holdings, Inc.",11.03,1681140208,n/a,2015,Technology,EDP Services,https://www.nasdaq.com/symbol/inov
IPHI,Inphi Corporation,38.47,1696971444,n/a,2010,Technology,Semiconductors,https://www.nasdaq.com/symbol/iphi
INPX,Inpixon ,4.42,171743.52,n/a,2014,Technology,EDP Services,https://www.nasdaq.com/symbol/inpx
NSP,"Insperity, Inc.",98.17,4104494081,n/a,n/a,Technology,Professional Services,https://www.nasdaq.com/symbol/nsp
INSE,"Inspired Entertainment, Inc.",6.2,133205183.4,n/a,2014,Technology,Computer Software: Prepackaged Software,https://www.nasdaq.com/symbol/inse
INST,"Instructure, Inc.",34.92,1224231227,n/a,2015,Technology,Computer Software: Prepackaged Software,https://www.nasdaq.com/symbol/inst
IDTI,"Integrated Device Technology, Inc.",46.81,6039440852,n/a,1984,Technology,Semiconductors,https://www.nasdaq.com/symbol/idti
INTC,Intel Corporation,47.04,2.14691E+11,n/a,n/a,Technology,Semiconductors,https://www.nasdaq.com/symbol/intc
IDN,"Intellicheck, Inc.",2.2,34405283,n/a,1999,Technology,Computer Software: Prepackaged Software,https://www.nasdaq.com/symbol/idn
INS,Intelligent Systems Corporation,13.95,122731932.6,n/a,1992,Technology,Computer Software: Prepackaged Software,https://www.nasdaq.com/symbol/ins
LINK,"Interlink Electronics, Inc.",3.6082,23391181.23,n/a,n/a,Technology,Computer peripheral equipment,https://www.nasdaq.com/symbol/link
IMI,"Intermolecular, Inc.",0.94,46767365.04,n/a,2011,Technology,Semiconductors,https://www.nasdaq.com/symbol/imi
INAP,Internap Corporation,6.15,156901961.1,n/a,1999,Technology,"Computer Software: Programming, Data Processing",https://www.nasdaq.com/symbol/inap
IBM,International Business Machines Corporation,118.57,1.07756E+11,n/a,n/a,Technology,Computer Manufacturing,https://www.nasdaq.com/symbol/ibm
IIJI,"Internet Initiative Japan, Inc.",10.35,17763518.7,1716282,n/a,Technology,"Computer Software: Programming, Data Processing",https://www.nasdaq.com/symbol/iiji
IPG,"Interpublic Group of Companies, Inc. (The)",23.08,8870832620,n/a,n/a,Technology,Advertising,https://www.nasdaq.com/symbol/ipg
INTX,"Intersections, Inc.",3.58,87196295.06,n/a,2004,Technology,EDP Services,https://www.nasdaq.com/symbol/intx
INXN,InterXion Holding N.V.,59.99,4299663270,n/a,2011,Technology,"Computer Software: Programming, Data Processing",https://www.nasdaq.com/symbol/inxn
IVAC,"Intevac, Inc.",4.8,109509566.4,n/a,1995,Technology,Industrial Machinery/Components,https://www.nasdaq.com/symbol/ivac
INTU,Intuit Inc.,198.41,51489094977,n/a,1993,Technology,Computer Software: Prepackaged Software,https://www.nasdaq.com/symbol/intu
IPGP,IPG Photonics Corporation,134,7155622914,n/a,2006,Technology,Semiconductors,https://www.nasdaq.com/symbol/ipgp
JCOM,"j2 Global, Inc.",71.8,3538903099,n/a,1999,Technology,Telecommunications Equipment,https://www.nasdaq.com/symbol/jcom
JBL,Jabil Inc.,24.36,3943370759,n/a,1993,Technology,Electrical Products,https://www.nasdaq.com/symbol/jbl
JKHY,"Jack Henry & Associates, Inc.",136.14,10523393013,n/a,1985,Technology,EDP Services,https://www.nasdaq.com/symbol/jkhy
JT,Jianpu Technology Inc.,4.53,761119053,n/a,2017,Technology,"Computer Software: Programming, Data Processing",https://www.nasdaq.com/symbol/jt
JKS,JinkoSolar Holding Company Limited,9.18,359069824.8,n/a,2010,Technology,Semiconductors,https://www.nasdaq.com/symbol/jks
JMU,JMU Limited,0.93,2244679.62,2413634,2015,Technology,EDP Services,https://www.nasdaq.com/symbol/jmu
JBT,John Bean Technologies Corporation,79.05,2498604179,n/a,n/a,Technology,Industrial Machinery/Components,https://www.nasdaq.com/symbol/jbt
JNPR,"Juniper Networks, Inc.",27.56,9512455264,n/a,1999,Technology,Computer Communications Equipment,https://www.nasdaq.com/symbol/jnpr
KAI,Kadant Inc,95.23,1057747798,n/a,n/a,Technology,Industrial Machinery/Components,https://www.nasdaq.com/symbol/kai
KELYA,"Kelly Services, Inc.",21.99,854683878.7,n/a,n/a,Technology,Professional Services,https://www.nasdaq.com/symbol/kelya
KELYB,"Kelly Services, Inc.",22.43,870386191.1,n/a,n/a,Technology,Professional Services,https://www.nasdaq.com/symbol/kelyb
KTCC,Key Tronic Corporation,6.86,73811404.8,n/a,1983,Technology,Computer peripheral equipment,https://www.nasdaq.com/symbol/ktcc
KFRC,"Kforce, Inc.",31.04,809064770.2,n/a,1995,Technology,Professional Services,https://www.nasdaq.com/symbol/kfrc
KE,"Kimball Electronics, Inc.",17.1,456478497.9,n/a,n/a,Technology,Electrical Products,https://www.nasdaq.com/symbol/ke
KOPN,Kopin Corporation,1.66,121404520,n/a,1992,Technology,Semiconductors,https://www.nasdaq.com/symbol/kopn
KFY,Korn/Ferry International,46.27,2634639757,n/a,1999,Technology,Diversified Commercial Services,https://www.nasdaq.com/symbol/kfy
KLIC,"Kulicke and Soffa Industries, Inc.",20.27,1361575690,n/a,n/a,Technology,Semiconductors,https://www.nasdaq.com/symbol/klic
KVHI,"KVH Industries, Inc.",11.25,199546098.8,n/a,1996,Technology,Radio And Television Broadcasting And Communications Equipment,https://www.nasdaq.com/symbol/kvhi
LLL,"L3 Technologies, Inc.",184.33,14506319576,n/a,n/a,Technology,Radio And Television Broadcasting And Communications Equipment,https://www.nasdaq.com/symbol/lll
LRCX,Lam Research Corporation,144.49,22422363639,n/a,1984,Technology,Industrial Machinery/Components,https://www.nasdaq.com/symbol/lrcx
LTRX,"Lantronix, Inc.",2.99,65773550.57,n/a,2000,Technology,Computer Communications Equipment,https://www.nasdaq.com/symbol/ltrx
LSCC,Lattice Semiconductor Corporation,5.62,727930741.7,n/a,n/a,Technology,Semiconductors,https://www.nasdaq.com/symbol/lscc
LEAF,Leaf Group Ltd.,8.72,220740408.2,n/a,n/a,Technology,EDP Services,https://www.nasdaq.com/symbol/leaf
LDOS,"Leidos Holdings, Inc.",63.04,9440874245,n/a,n/a,Technology,EDP Services,https://www.nasdaq.com/symbol/ldos
LTRPA,"Liberty TripAdvisor Holdings, Inc.",17.31,1299289552,n/a,n/a,Technology,EDP Services,https://www.nasdaq.com/symbol/ltrpa
LTRPB,"Liberty TripAdvisor Holdings, Inc.",18.7,1403607919,n/a,n/a,Technology,EDP Services,https://www.nasdaq.com/symbol/ltrpb
LPTH,"LightPath Technologies, Inc.",1.87,48216968.25,n/a,1996,Technology,Semiconductors,https://www.nasdaq.com/symbol/lpth
LECO,"Lincoln Electric Holdings, Inc.",82.57,5321275917,n/a,n/a,Technology,Industrial Machinery/Components,https://www.nasdaq.com/symbol/leco
LN,LINE Corporation,27.91,6650836448,n/a,2016,Technology,"Computer Software: Programming, Data Processing",https://www.nasdaq.com/symbol/ln
LKM,Link Motion Inc.,0.34,33315577.62,n/a,2011,Technology,Computer Software: Prepackaged Software,https://www.nasdaq.com/symbol/lkm
LIQT,"LiqTech International, Inc.",1.41,102564171.3,n/a,n/a,Technology,Industrial Machinery/Components,https://www.nasdaq.com/symbol/liqt
LPSN,"LivePerson, Inc.",18.31,1161141156,n/a,2000,Technology,Computer Software: Prepackaged Software,https://www.nasdaq.com/symbol/lpsn
RAMP,"LiveRamp Holdings, Inc.",45.8,3556941630,n/a,n/a,Technology,EDP Services,https://www.nasdaq.com/symbol/ramp
LOGI,Logitech International S.A.,32.62,5404162087,n/a,1997,Technology,Computer peripheral equipment,https://www.nasdaq.com/symbol/logi
LOGM,"LogMein, Inc.",85.44,4374528000,n/a,2009,Technology,Computer Software: Prepackaged Software,https://www.nasdaq.com/symbol/logm
LORL,"Loral Space and Communications, Inc.",43.49,1345265341,n/a,n/a,Technology,Radio And Television Broadcasting And Communications Equipment,https://www.nasdaq.com/symbol/lorl
LXFT,"Luxoft Holding, Inc.",32.9,1108580437,n/a,2013,Technology,EDP Services,https://www.nasdaq.com/symbol/lxft
MTSI,"MACOM Technology Solutions Holdings, Inc.",17.38,1133043165,n/a,2012,Technology,Semiconductors,https://www.nasdaq.com/symbol/mtsi
MGIC,Magic Software Enterprises Ltd.,8.14,396886017.4,n/a,1991,Technology,Computer Software: Prepackaged Software,https://www.nasdaq.com/symbol/mgic
MX,MagnaChip Semiconductor Corporation,6.94,240276416.3,n/a,2011,Technology,Semiconductors,https://www.nasdaq.com/symbol/mx
MNGA,"MagneGas Applied Technology Solutions, Inc.",0.2812,38727574.87,n/a,n/a,Technology,Industrial Machinery/Components,https://www.nasdaq.com/symbol/mnga
MJCO,Majesco,7.27,266250104.2,n/a,2015,Technology,Computer Software: Prepackaged Software,https://www.nasdaq.com/symbol/mjco
MAMS,"MAM Software Group, Inc.",8.35,105151842.3,n/a,n/a,Technology,Computer Software: Prepackaged Software,https://www.nasdaq.com/symbol/mams
MANH,"Manhattan Associates, Inc.",47.33,3094362938,n/a,1998,Technology,Computer Software: Prepackaged Software,https://www.nasdaq.com/symbol/manh
MNTX,"Manitex International, Inc.",7.13,139906214.7,n/a,n/a,Technology,Industrial Machinery/Components,https://www.nasdaq.com/symbol/mntx
MAN,ManpowerGroup,80.32,4966305919,n/a,n/a,Technology,Professional Services,https://www.nasdaq.com/symbol/man
MRIN,Marin Software Incorporated,2.31,13379520,n/a,n/a,Technology,EDP Services,https://www.nasdaq.com/symbol/mrin
MRVL,Marvell Technology Group Ltd.,15.67,10317128000,n/a,2000,Technology,Semiconductors,https://www.nasdaq.com/symbol/mrvl
MTCH,"Match Group, Inc.",37.95,10553368671,n/a,2015,Technology,"Computer Software: Programming, Data Processing",https://www.nasdaq.com/symbol/mtch
MTLS,Materialise NV,13.95,236313976.5,16940070,2014,Technology,Computer Software: Prepackaged Software,https://www.nasdaq.com/symbol/mtls
MAXR,Maxar Technologies Ltd.,16.94,1001986991,n/a,n/a,Technology,Radio And Television Broadcasting And Communications Equipment,https://www.nasdaq.com/symbol/maxr
MXIM,"Maxim Integrated Products, Inc.",52.49,14543030309,n/a,1988,Technology,Semiconductors,https://www.nasdaq.com/symbol/mxim
MXL,"MaxLinear, Inc",18.85,1299985820,n/a,2010,Technology,Semiconductors,https://www.nasdaq.com/symbol/mxl
MGRC,McGrath RentCorp,52.259,1263076566,n/a,1984,Technology,Diversified Commercial Services,https://www.nasdaq.com/symbol/mgrc
MDCA,MDC Partners Inc.,2.36,117846824.2,n/a,n/a,Technology,Advertising,https://www.nasdaq.com/symbol/mdca
MTBC,"Medical Transcription Billing, Corp.",4.96,58675599.68,n/a,2014,Technology,Computer Software: Prepackaged Software,https://www.nasdaq.com/symbol/mtbc
MTBCP,"Medical Transcription Billing, Corp.",25.9027,24071353.21,n/a,n/a,Technology,Computer Software: Prepackaged Software,https://www.nasdaq.com/symbol/mtbcp
MDSO,"Medidata Solutions, Inc.",72.9,4460783951,n/a,2009,Technology,Computer Software: Prepackaged Software,https://www.nasdaq.com/symbol/mdso
MLNX,"Mellanox Technologies, Ltd.",89.09,4768162816,n/a,2007,Technology,Semiconductors,https://www.nasdaq.com/symbol/mlnx
MFGP,Micro Focus Intl PLC,18.79,7980895810,n/a,2017,Technology,Computer Software: Prepackaged Software,https://www.nasdaq.com/symbol/mfgp
MCHP,Microchip Technology Incorporated,73,17265205472,n/a,1993,Technology,Semiconductors,https://www.nasdaq.com/symbol/mchp
MU,"Micron Technology, Inc.",36.38,41264210543,n/a,n/a,Technology,Semiconductors,https://www.nasdaq.com/symbol/mu
MSFT,Microsoft Corporation,103.12,7.91572E+11,n/a,1986,Technology,Computer Software: Prepackaged Software,https://www.nasdaq.com/symbol/msft
MSTR,MicroStrategy Incorporated,125.29,1436749794,n/a,1998,Technology,Computer Software: Prepackaged Software,https://www.nasdaq.com/symbol/mstr
MCRN,Milacron Holdings Corp.,14.19,1003473549,n/a,2015,Technology,Industrial Machinery/Components,https://www.nasdaq.com/symbol/mcrn
MIME,Mimecast Limited,35.73,2146065961,n/a,2015,Technology,Computer Software: Prepackaged Software,https://www.nasdaq.com/symbol/mime
MNDO,MIND C.T.I. Ltd.,2.3,44407061.4,n/a,n/a,Technology,EDP Services,https://www.nasdaq.com/symbol/mndo
MB,"MINDBODY, Inc.",25.65,1229125582,n/a,2015,Technology,EDP Services,https://www.nasdaq.com/symbol/mb
MIND,"Mitcham Industries, Inc.",3.55,43023866.45,n/a,1994,Technology,Diversified Commercial Services,https://www.nasdaq.com/symbol/mind
MINDP,"Mitcham Industries, Inc.",22.2,0,n/a,n/a,Technology,Diversified Commercial Services,https://www.nasdaq.com/symbol/mindp
MITK,"Mitek Systems, Inc.",9.34,354557832.2,n/a,n/a,Technology,Computer peripheral equipment,https://www.nasdaq.com/symbol/mitk
MITL,Mitel Networks Corporation,10.98,1351481118,n/a,n/a,Technology,Radio And Television Broadcasting And Communications Equipment,https://www.nasdaq.com/symbol/mitl
MIXT,MiX Telematics Limited,17.68,402931443.2,n/a,2013,Technology,Computer Software: Prepackaged Software,https://www.nasdaq.com/symbol/mixt
MOBL,"MobileIron, Inc.",4.675,493468199.1,n/a,2014,Technology,Computer Software: Prepackaged Software,https://www.nasdaq.com/symbol/mobl
MODN,"Model N, Inc.",13.77,433032171.4,n/a,2013,Technology,"Computer Software: Programming, Data Processing",https://www.nasdaq.com/symbol/modn
MOMO,Momo Inc.,31.63,4709849019,148904490,2014,Technology,Computer Software: Prepackaged Software,https://www.nasdaq.com/symbol/momo
MDB,"MongoDB, Inc.",73.93," $3,860,320,747.70 ",n/a,2017,Technology,Computer Software: Prepackaged Software,https://www.nasdaq.com/symbol/mdb
MPWR,"Monolithic Power Systems, Inc.",123.58,5241274960,n/a,2004,Technology,Semiconductors,https://www.nasdaq.com/symbol/mpwr
TYPE,Monotype Imaging Holdings Inc.,17.22,715361677.8,n/a,2007,Technology,EDP Services,https://www.nasdaq.com/symbol/type
MOSY,"MoSys, Inc.",0.2269,9448248.963,n/a,2001,Technology,Semiconductors,https://www.nasdaq.com/symbol/mosy
MSI,"Motorola Solutions, Inc.",124.11,20295443697,n/a,n/a,Technology,Radio And Television Broadcasting And Communications Equipment,https://www.nasdaq.com/symbol/msi
MOXC,"Moxian, Inc.",0.57,38393616.54,n/a,n/a,Technology,"Computer Software: Programming, Data Processing",https://www.nasdaq.com/symbol/moxc
MTEC,MTech Acquisition Corp.,10.0001,21372663.72,n/a,2018,Technology,EDP Services,https://www.nasdaq.com/symbol/mtec
MTECU,MTech Acquisition Corp.,11.0975,0,n/a,2018,Technology,EDP Services,https://www.nasdaq.com/symbol/mtecu
MTECW,MTech Acquisition Corp.,1.2,0,n/a,2018,Technology,EDP Services,https://www.nasdaq.com/symbol/mtecw
MYSZ,"My Size, Inc.",1.0741,31911541.07,n/a,n/a,Technology,Computer Software: Prepackaged Software,https://www.nasdaq.com/symbol/mysz
NNDM,Nano Dimension Ltd.,1.89,17532951.66,9276694,n/a,Technology,Electrical Products,https://www.nasdaq.com/symbol/nndm
NH,"NantHealth, Inc.",1.14,124820055.8,n/a,2016,Technology,EDP Services,https://www.nasdaq.com/symbol/nh
NATI,National Instruments Corporation,46.96,6219034614,n/a,1995,Technology,Computer Software: Prepackaged Software,https://www.nasdaq.com/symbol/nati
NPTN,NeoPhotonics Corporation,7.92,364710273.8,n/a,2011,Technology,Semiconductors,https://www.nasdaq.com/symbol/nptn
NETE,"Net Element, Inc.",6.05,23371264.95,n/a,n/a,Technology,EDP Services,https://www.nasdaq.com/symbol/nete
NTAP,"NetApp, Inc.",65.89,16596766036,n/a,1995,Technology,Electronic Components,https://www.nasdaq.com/symbol/ntap
NTCT,"NetScout Systems, Inc.",25.59,1988463887,n/a,1999,Technology,EDP Services,https://www.nasdaq.com/symbol/ntct
NTWK,NetSol Technologies Inc.,6.74,79480506.4,n/a,n/a,Technology,Computer Software: Prepackaged Software,https://www.nasdaq.com/symbol/ntwk
NEWR,"New Relic, Inc.",76.16,4337922803,n/a,2014,Technology,Computer Software: Prepackaged Software,https://www.nasdaq.com/symbol/newr
NXGN,"NextGen Healthcare, Inc.",15.88,1026934732,n/a,n/a,Technology,EDP Services,https://www.nasdaq.com/symbol/nxgn
NICE,NICE Ltd,110.54,4651086788,42076052,n/a,Technology,Computer Manufacturing,https://www.nasdaq.com/symbol/nice
LASR,"nLIGHT, Inc.",18.57,646259918.2,n/a,2018,Technology,Semiconductors,https://www.nasdaq.com/symbol/lasr
NOK,Nokia Corporation,5.53," $30,921,852,813.60 ",n/a,1994,Technology,Radio And Television Broadcasting And Communications Equipment,https://www.nasdaq.com/symbol/nok
NUAN,"Nuance Communications, Inc.",16.16,4647312144,n/a,n/a,Technology,Computer Software: Prepackaged Software,https://www.nasdaq.com/symbol/nuan
NTNX,"Nutanix, Inc.",39.35,7033411602,n/a,2016,Technology,Computer Software: Prepackaged Software,https://www.nasdaq.com/symbol/ntnx
NVEC,NVE Corporation,88.43,428355804.3,n/a,n/a,Technology,Semiconductors,https://www.nasdaq.com/symbol/nvec
NVT,nVent Electric plc,24.6,4404328945,n/a,2018,Technology,Industrial Machinery/Components,https://www.nasdaq.com/symbol/nvt
NVDA,NVIDIA Corporation,144.55," $88,175,500,000.00 ",n/a,1999,Technology,Semiconductors,https://www.nasdaq.com/symbol/nvda
NXPI,NXP Semiconductors N.V.,83.14,24568016243,n/a,2010,Technology,Semiconductors,https://www.nasdaq.com/symbol/nxpi
OIIM,O2Micro International Limited,1.6,53397587.2,33373492,n/a,Technology,Semiconductors,https://www.nasdaq.com/symbol/oiim
OCLR,"Oclaro, Inc.",7.53,1292216425,n/a,n/a,Technology,Semiconductors,https://www.nasdaq.com/symbol/oclr
OKTA,"Okta, Inc.",51.685,5643121804,n/a,2017,Technology,Computer Software: Prepackaged Software,https://www.nasdaq.com/symbol/okta
OMCL,"Omnicell, Inc.",70.66,2799989482,n/a,2001,Technology,Computer Manufacturing,https://www.nasdaq.com/symbol/omcl
OMC,Omnicom Group Inc.,76.66,17179941046,n/a,n/a,Technology,Advertising,https://www.nasdaq.com/symbol/omc
ON,ON Semiconductor Corporation,18.59,7825072248,n/a,n/a,Technology,Semiconductors,https://www.nasdaq.com/symbol/on
OTIV,On Track Innovations Ltd,0.772,31879259.04,n/a,n/a,Technology,Semiconductors,https://www.nasdaq.com/symbol/otiv
OSS,"One Stop Systems, Inc.",2.7,34503867,n/a,2018,Technology,Computer Manufacturing,https://www.nasdaq.com/symbol/oss
OSPN,OneSpan Inc.,16.08,647322590.4,n/a,n/a,Technology,EDP Services,https://www.nasdaq.com/symbol/ospn
OOMA,"Ooma, Inc.",13.85,274230000,n/a,2015,Technology,EDP Services,https://www.nasdaq.com/symbol/ooma
OTEX,Open Text Corporation,33.43,8970324686,n/a,1996,Technology,EDP Services,https://www.nasdaq.com/symbol/otex
ORCL,Oracle Corporation,48.62,1.84204E+11,n/a,1986,Technology,Computer Software: Prepackaged Software,https://www.nasdaq.com/symbol/orcl
OSIS,"OSI Systems, Inc.",72.61,1318098261,n/a,1997,Technology,Semiconductors,https://www.nasdaq.com/symbol/osis
PFIN,"P & F Industries, Inc.",7.9553,29442366.42,n/a,n/a,Technology,Industrial Machinery/Components,https://www.nasdaq.com/symbol/pfin
PAGS,PagSeguro Digital Ltd.,21.91,6904595098,n/a,2018,Technology,EDP Services,https://www.nasdaq.com/symbol/pags
PANW,"Palo Alto Networks, Inc.",166.94,15744904532,n/a,2012,Technology,Computer peripheral equipment,https://www.nasdaq.com/symbol/panw
TEUM,Pareteum Corporation,1.9,184846365.9,n/a,n/a,Technology,EDP Services,https://www.nasdaq.com/symbol/teum
PCYG,"Park City Group, Inc.",8.39,166158916,n/a,n/a,Technology,EDP Services,https://www.nasdaq.com/symbol/pcyg
PKE,Park Electrochemical Corporation,17.52,355254932.2,n/a,n/a,Technology,Electrical Products,https://www.nasdaq.com/symbol/pke
PAYC,"Paycom Software, Inc.",120.04,7035982906,n/a,2014,Technology,Computer Software: Prepackaged Software,https://www.nasdaq.com/symbol/payc
PCTY,Paylocity Holding Corporation,60.73,3206459099,n/a,2014,Technology,Computer Software: Prepackaged Software,https://www.nasdaq.com/symbol/pcty
PCTI,"PC-Tel, Inc.",4.17,76463384.31,n/a,1999,Technology,Radio And Television Broadcasting And Communications Equipment,https://www.nasdaq.com/symbol/pcti
PDFS,"PDF Solutions, Inc.",8.49,274010870.1,n/a,2001,Technology,EDP Services,https://www.nasdaq.com/symbol/pdfs
PEGA,Pegasystems Inc.,50.62,3983826954,n/a,1996,Technology,EDP Services,https://www.nasdaq.com/symbol/pega
PNR,Pentair plc.,41.59,7220066838,n/a,n/a,Technology,Industrial Machinery/Components,https://www.nasdaq.com/symbol/pnr
PRFT,"Perficient, Inc.",23.975,795533319.4,n/a,1999,Technology,EDP Services,https://www.nasdaq.com/symbol/prft
PERI,Perion Network Ltd,2.64,22747998.24,n/a,n/a,Technology,EDP Services,https://www.nasdaq.com/symbol/peri
PRSP,Perspecta Inc.,20.65,3396252946,n/a,2018,Technology,EDP Services,https://www.nasdaq.com/symbol/prsp
PLAB,"Photronics, Inc.",9.64,659263221.6,n/a,1987,Technology,Semiconductors,https://www.nasdaq.com/symbol/plab
PVTL,"Pivotal Software, Inc.",17.58,4524835965,n/a,2018,Technology,Computer Software: Prepackaged Software,https://www.nasdaq.com/symbol/pvtl
PXLW,"Pixelworks, Inc.",3.94,144231126.9,n/a,2000,Technology,Semiconductors,https://www.nasdaq.com/symbol/pxlw
PLXS,Plexus Corp.,58.74,1848341153,n/a,n/a,Technology,Electrical Products,https://www.nasdaq.com/symbol/plxs
PS,"Pluralsight, Inc.",20.29,2740679257,n/a,2018,Technology,"Computer Software: Programming, Data Processing",https://www.nasdaq.com/symbol/ps
PNTR,Pointer Telocation Ltd.,11.8,95957458.4,n/a,n/a,Technology,Radio And Television Broadcasting And Communications Equipment,https://www.nasdaq.com/symbol/pntr
POWI,"Power Integrations, Inc.",59.12,1733959567,n/a,1997,Technology,Semiconductors,https://www.nasdaq.com/symbol/powi
PSDO,"Presidio, Inc.",13.44,1106415354,n/a,2017,Technology,Retail: Computer Software & Peripheral Equipment,https://www.nasdaq.com/symbol/psdo
IPDN,"Professional Diversity Network, Inc.",1.85,8956597.4,n/a,2013,Technology,"Computer Software: Programming, Data Processing",https://www.nasdaq.com/symbol/ipdn
PRGS,Progress Software Corporation,33.47,1502890256,n/a,1991,Technology,Computer Software: Prepackaged Software,https://www.nasdaq.com/symbol/prgs
PFPT,"Proofpoint, Inc.",86.37,4719941023,n/a,2012,Technology,EDP Services,https://www.nasdaq.com/symbol/pfpt
PRO,"PROS Holdings, Inc.",31.08,1154620477,n/a,2007,Technology,EDP Services,https://www.nasdaq.com/symbol/pro
PTC,PTC Inc.,84.73,10055353085,n/a,n/a,Technology,Computer Software: Prepackaged Software,https://www.nasdaq.com/symbol/ptc
PSTG,"Pure Storage, Inc. ",16.91,3993709983,n/a,2015,Technology,Electronic Components,https://www.nasdaq.com/symbol/pstg
QTWO,"Q2 Holdings, Inc.",49.74,2157469217,n/a,2014,Technology,Computer Software: Prepackaged Software,https://www.nasdaq.com/symbol/qtwo
QADA,QAD Inc.,46.95,912493156.8,n/a,n/a,Technology,Computer Software: Prepackaged Software,https://www.nasdaq.com/symbol/qada
QADB,QAD Inc.,35,686737590,n/a,n/a,Technology,Computer Software: Prepackaged Software,https://www.nasdaq.com/symbol/qadb
QRVO,"Qorvo, Inc.",63.57,7940212948,n/a,n/a,Technology,Semiconductors,https://www.nasdaq.com/symbol/qrvo
QCOM,QUALCOMM Incorporated,55.28,67008347754,n/a,1991,Technology,Radio And Television Broadcasting And Communications Equipment,https://www.nasdaq.com/symbol/qcom
QBAK,Qualstar Corporation,5.05,10342995.9,n/a,2000,Technology,Electronic Components,https://www.nasdaq.com/symbol/qbak
QLYS,"Qualys, Inc.",72.01,2835693888,n/a,2012,Technology,Computer Software: Prepackaged Software,https://www.nasdaq.com/symbol/qlys
QTNA,"Quantenna Communications, Inc.",15.21,568774755.9,n/a,2016,Technology,Semiconductors,https://www.nasdaq.com/symbol/qtna
QTM,Quantum Corporation,2.28,79227455.52,n/a,n/a,Technology,Electronic Components,https://www.nasdaq.com/symbol/qtm
QRHC,Quest Resource Holding Corporation.,1.4,21438736.2,n/a,n/a,Technology,Diversified Commercial Services,https://www.nasdaq.com/symbol/qrhc
QUIK,QuickLogic Corporation,0.9889,94134408.58,n/a,1999,Technology,Semiconductors,https://www.nasdaq.com/symbol/quik
QUMU,Qumu Corporation,2.33,22201178.99,n/a,n/a,Technology,Computer Software: Prepackaged Software,https://www.nasdaq.com/symbol/qumu
RDCM,Radcom Ltd.,8.355,113973270.4,n/a,1997,Technology,Computer peripheral equipment,https://www.nasdaq.com/symbol/rdcm
RSYS,RadiSys Corporation,1.53,60619417.02,n/a,1995,Technology,Computer peripheral equipment,https://www.nasdaq.com/symbol/rsys
RMBS,"Rambus, Inc.",8.47,919002936.4,n/a,1997,Technology,Semiconductors,https://www.nasdaq.com/symbol/rmbs
RPD,"Rapid7, Inc.",27.47,1300008685,n/a,2015,Technology,Computer Software: Prepackaged Software,https://www.nasdaq.com/symbol/rpd
RCMT,"RCM Technologies, Inc.",3.984,50700296.35,n/a,n/a,Technology,Professional Services,https://www.nasdaq.com/symbol/rcmt
RNWK,"RealNetworks, Inc.",2.3,86606608.1,n/a,1997,Technology,EDP Services,https://www.nasdaq.com/symbol/rnwk
RP,"RealPage, Inc.",47.45,4456106132,n/a,2010,Technology,Computer Software: Prepackaged Software,https://www.nasdaq.com/symbol/rp
RHT,"Red Hat, Inc.",173.1," $30,559,560,757.20 ",n/a,n/a,Technology,"Computer Software: Programming, Data Processing",https://www.nasdaq.com/symbol/rht
RDVT,"Red Violet, Inc.",6.825,70069633.73,n/a,n/a,Technology,Computer Software: Prepackaged Software,https://www.nasdaq.com/symbol/rdvt
SOL,Renesola Ltd.,1.52,57916104,n/a,2008,Technology,Semiconductors,https://www.nasdaq.com/symbol/sol
RENN,Renren Inc.,1.5,103193790,n/a,2011,Technology,EDP Services,https://www.nasdaq.com/symbol/renn
RCII,Rent-A-Center Inc.,14.55," $778,639,190.55 ",n/a,1995,Technology,Diversified Commercial Services,https://www.nasdaq.com/symbol/rcii
RESN,Resonant Inc.,1.84,49847243.12,n/a,2014,Technology,Semiconductors,https://www.nasdaq.com/symbol/resn
RXN,Rexnord Corporation,27.75,2904383348,n/a,2012,Technology,Industrial Machinery/Components,https://www.nasdaq.com/symbol/rxn
RBBN,Ribbon Communications Inc. ,5.74,611421390.4,n/a,n/a,Technology,EDP Services,https://www.nasdaq.com/symbol/rbbn
RNG,"Ringcentral, Inc.",71.41,5736574531,n/a,2013,Technology,EDP Services,https://www.nasdaq.com/symbol/rng
RHI,Robert Half International Inc.,58.68,7128154878,n/a,n/a,Technology,Professional Services,https://www.nasdaq.com/symbol/rhi
RST,Rosetta Stone,16.12,368534150.4,n/a,2009,Technology,Computer Software: Prepackaged Software,https://www.nasdaq.com/symbol/rst
RBCN,"Rubicon Technology, Inc.",8,21933592,n/a,2007,Technology,Semiconductors,https://www.nasdaq.com/symbol/rbcn
RMBL,"RumbleOn, Inc.",6.02,92938511.82,n/a,n/a,Technology,EDP Services,https://www.nasdaq.com/symbol/rmbl
SABR,Sabre Corporation,24.6345,6782193048,n/a,2014,Technology,"Computer Software: Programming, Data Processing",https://www.nasdaq.com/symbol/sabr
SFET,Safe-T Group Ltd.,4.2,1830250.8,435774,2018,Technology,Computer Software: Prepackaged Software,https://www.nasdaq.com/symbol/sfet
SAIL,"SailPoint Technologies Holdings, Inc.",24.56,2156085855,n/a,2017,Technology,Computer Software: Prepackaged Software,https://www.nasdaq.com/symbol/sail
CRM,Salesforce.com Inc,123.59,93520553000,n/a,2004,Technology,Computer Software: Prepackaged Software,https://www.nasdaq.com/symbol/crm
SANM,Sanmina Corporation,26.21,1789218731,n/a,1993,Technology,Electrical Products,https://www.nasdaq.com/symbol/sanm
SAP,SAP SE,101.51," $124,705,035,000.00 ",n/a,n/a,Technology,Computer Software: Prepackaged Software,https://www.nasdaq.com/symbol/sap
SPNS,Sapiens International Corporation N.V.,10.86,541810449.9,n/a,1992,Technology,Computer Software: Prepackaged Software,https://www.nasdaq.com/symbol/spns
SCSC,"ScanSource, Inc.",37.34,956190173.8,n/a,n/a,Technology,Retail: Computer Software & Peripheral Equipment,https://www.nasdaq.com/symbol/scsc
SAIC,SCIENCE APPLICATIONS INTERNATIONAL CORPORATION,68.42,2897212127,n/a,n/a,Technology,EDP Services,https://www.nasdaq.com/symbol/saic
SGMS,Scientific Games Corp,17.555,1609906186,n/a,n/a,Technology,EDP Services,https://www.nasdaq.com/symbol/sgms
SEAC,"SeaChange International, Inc.",1.62,57913592.22,n/a,1996,Technology,Radio And Television Broadcasting And Communications Equipment,https://www.nasdaq.com/symbol/seac
STX,Seagate Technology PLC,42.53,12172147116,n/a,2002,Technology,Electronic Components,https://www.nasdaq.com/symbol/stx
SCWX,SecureWorks Corp.,16.05,1312834066,n/a,2016,Technology,Computer Software: Prepackaged Software,https://www.nasdaq.com/symbol/scwx
SMI,Semiconductor  Manufacturing International Corporation,4.44,4474533210,n/a,2004,Technology,Semiconductors,https://www.nasdaq.com/symbol/smi
LEDS,SemiLEDS Corporation,3.77,13409098.3,n/a,2010,Technology,Semiconductors,https://www.nasdaq.com/symbol/leds
SMTC,Semtech Corporation,45.42,3007806737,n/a,n/a,Technology,Semiconductors,https://www.nasdaq.com/symbol/smtc
SEND,"SendGrid, Inc.",37.09,1756474913,n/a,2017,Technology,Computer Software: Prepackaged Software,https://www.nasdaq.com/symbol/send
SQNS,Sequans Communications S.A.,1.02,96478499.28,n/a,2011,Technology,Semiconductors,https://www.nasdaq.com/symbol/sqns
NOW,"ServiceNow, Inc.",159.14,28533802000,n/a,2012,Technology,Computer Software: Prepackaged Software,https://www.nasdaq.com/symbol/now
SGOC,"SGOCO Group, Ltd",0.92,22856507.6,n/a,2010,Technology,Radio And Television Broadcasting And Communications Equipment,https://www.nasdaq.com/symbol/sgoc
SEII,Sharing Economy International Inc.,2.19,16508055.75,n/a,n/a,Technology,Industrial Machinery/Components,https://www.nasdaq.com/symbol/seii
SHSP,"SharpSpring, Inc.",12.36,105220766.5,n/a,n/a,Technology,Computer Software: Prepackaged Software,https://www.nasdaq.com/symbol/shsp
PIXY,"ShiftPixy, Inc.",3.655,105453281.5,n/a,2017,Technology,Diversified Commercial Services,https://www.nasdaq.com/symbol/pixy
SHOP,Shopify Inc.,132.61,12543010340,n/a,2015,Technology,Computer Software: Prepackaged Software,https://www.nasdaq.com/symbol/shop
SSTI,"ShotSpotter, Inc.",32.55,352247864.9,n/a,2017,Technology,Computer Software: Prepackaged Software,https://www.nasdaq.com/symbol/ssti
SSTK,"Shutterstock, Inc.",37.04,1297768369,n/a,2012,Technology,EDP Services,https://www.nasdaq.com/symbol/sstk
SWIR,"Sierra Wireless, Inc.",16.04,578208845.3,n/a,n/a,Technology,Radio And Television Broadcasting And Communications Equipment,https://www.nasdaq.com/symbol/swir
SIFY,Sify Technologies Limited,1.24,31616199.4,25496935,n/a,Technology,"Computer Software: Programming, Data Processing",https://www.nasdaq.com/symbol/sify
SGMA,"SigmaTron International, Inc.",4.116,17410712.93,n/a,1994,Technology,Electrical Products,https://www.nasdaq.com/symbol/sgma
SILC,Silicom Ltd,37.16,280618087.7,n/a,n/a,Technology,Computer Communications Equipment,https://www.nasdaq.com/symbol/silc
SLAB,"Silicon Laboratories, Inc.",84.56,3648628197,n/a,2000,Technology,Semiconductors,https://www.nasdaq.com/symbol/slab
SIMO,Silicon Motion Technology Corporation,35.83,1291328105,36040416,2005,Technology,Semiconductors,https://www.nasdaq.com/symbol/simo
SLP,"Simulations Plus, Inc.",18.76,326802895.7,n/a,n/a,Technology,EDP Services,https://www.nasdaq.com/symbol/slp
SINA,Sina Corporation,62.37,4457613089,n/a,n/a,Technology,Computer Software: Prepackaged Software,https://www.nasdaq.com/symbol/sina
SWKS,"Skyworks Solutions, Inc.",70.33,12485825208,n/a,n/a,Technology,Semiconductors,https://www.nasdaq.com/symbol/swks
SGH,"SMART Global Holdings, Inc.",31.43,710492373.6,n/a,2017,Technology,Semiconductors,https://www.nasdaq.com/symbol/sgh
SMAR,Smartsheet Inc.,22.88,2351055999,n/a,2018,Technology,Computer Software: Prepackaged Software,https://www.nasdaq.com/symbol/smar
SMSI,"Smith Micro Software, Inc.",2.199,62158943.89,n/a,1995,Technology,Computer Software: Prepackaged Software,https://www.nasdaq.com/symbol/smsi
SMTX,SMTC Corporation,3.6529,84313600.41,n/a,2000,Technology,Electrical Products,https://www.nasdaq.com/symbol/smtx
SNAP,Snap Inc.,6.35,8222735752,n/a,2017,Technology,"Computer Software: Programming, Data Processing",https://www.nasdaq.com/symbol/snap
SRAX,"Social Reality, Inc.",3.05,30906656.5,n/a,n/a,Technology,Advertising,https://www.nasdaq.com/symbol/srax
SCKT,"Socket Mobile, Inc.",1.9,11177907.1,n/a,n/a,Technology,Computer Manufacturing,https://www.nasdaq.com/symbol/sckt
SOGO,Sogou Inc.,6.15,2442572819,n/a,2017,Technology,EDP Services,https://www.nasdaq.com/symbol/sogo
SOHU,Sohu.com Limited ,21.12,834937762.6,39533038,n/a,Technology,EDP Services,https://www.nasdaq.com/symbol/sohu
SEDG,"SolarEdge Technologies, Inc.",38.08,1742219595,n/a,2015,Technology,Semiconductors,https://www.nasdaq.com/symbol/sedg
SWI,SolarWinds Corporation,14.06,0,n/a,2018,Technology,Computer Software: Prepackaged Software,https://www.nasdaq.com/symbol/swi
SOFO,"Sonic Foundry, Inc.",1.3601,6687426.726,n/a,n/a,Technology,Radio And Television Broadcasting And Communications Equipment,https://www.nasdaq.com/symbol/sofo
SPA,Sparton Corporation,14.27,140341497.2,n/a,n/a,Technology,Electrical Products,https://www.nasdaq.com/symbol/spa
ANY,Sphere 3D Corp.,4.33,8366564.56,n/a,n/a,Technology,EDP Services,https://www.nasdaq.com/symbol/any
SPI,"SPI Energy Co., Ltd.",2.4619,1785042.447,n/a,n/a,Technology,Semiconductors,https://www.nasdaq.com/symbol/spi
SPLK,Splunk Inc.,92.69,13590744475,n/a,2012,Technology,Computer Software: Prepackaged Software,https://www.nasdaq.com/symbol/splk
SPSC,"SPS Commerce, Inc.",83.4575,1474245357,n/a,2010,Technology,Computer Software: Prepackaged Software,https://www.nasdaq.com/symbol/spsc
SPXC,SPX Corporation,29.63,1285706827,n/a,n/a,Technology,Industrial Machinery/Components,https://www.nasdaq.com/symbol/spxc
FLOW,"SPX FLOW, Inc.",35.87,1526339128,n/a,2015,Technology,Industrial Machinery/Components,https://www.nasdaq.com/symbol/flow
SQ,"Square, Inc.",62.62,25893219962,n/a,2015,Technology,Computer Software: Prepackaged Software,https://www.nasdaq.com/symbol/sq
SSNC,"SS&C Technologies Holdings, Inc.",45.54,11402395005,n/a,2010,Technology,Computer Software: Prepackaged Software,https://www.nasdaq.com/symbol/ssnc
STAF,"Staffing 360 Solutions, Inc.",1.7,8525530.6,n/a,n/a,Technology,Professional Services,https://www.nasdaq.com/symbol/staf
SXI,Standex International Corporation,78.98,1013221862,n/a,n/a,Technology,Industrial Machinery/Components,https://www.nasdaq.com/symbol/sxi
SRT,"StarTek, Inc.",6.22,230516670.8,n/a,1997,Technology,Professional Services,https://www.nasdaq.com/symbol/srt
STLR,Stellar Acquisition III Inc.,10.599,29862555.31,n/a,2016,Technology,EDP Services,https://www.nasdaq.com/symbol/stlr
STLRU,Stellar Acquisition III Inc.,10.5,0,n/a,2016,Technology,EDP Services,https://www.nasdaq.com/symbol/stlru
STLRW,Stellar Acquisition III Inc.,0.24,0,n/a,2016,Technology,EDP Services,https://www.nasdaq.com/symbol/stlrw
STM,STMicroelectronics N.V.,14.09,12685178728,n/a,n/a,Technology,Semiconductors,https://www.nasdaq.com/symbol/stm
STNE,StoneCo Ltd.,22.4,6206438090,n/a,2018,Technology,EDP Services,https://www.nasdaq.com/symbol/stne
SSYS,"Stratasys, Ltd.",21.14,1137543400,n/a,1994,Technology,Computer peripheral equipment,https://www.nasdaq.com/symbol/ssys
STRM,"Streamline Health Solutions, Inc.",0.9354,18740220.79,n/a,n/a,Technology,EDP Services,https://www.nasdaq.com/symbol/strm
WISA,"Summit Wireless Technologies, Inc.",4.5,69148471.5,n/a,2018,Technology,Semiconductors,https://www.nasdaq.com/symbol/wisa
SPWR,SunPower Corporation,6.06,854975251.5,n/a,2005,Technology,Semiconductors,https://www.nasdaq.com/symbol/spwr
SPCB,"SuperCom, Ltd.",1.34,20044174.26,n/a,n/a,Technology,Semiconductors,https://www.nasdaq.com/symbol/spcb
SCON,Superconductor Technologies Inc.,1.74,5690859.66,n/a,1993,Technology,Radio And Television Broadcasting And Communications Equipment,https://www.nasdaq.com/symbol/scon
SPRT,"support.com, Inc.",2.72,51444265.76,n/a,2000,Technology,EDP Services,https://www.nasdaq.com/symbol/sprt
SVMK,SVMK Inc.,12.77,0,n/a,2018,Technology,"Computer Software: Programming, Data Processing",https://www.nasdaq.com/symbol/svmk
SWCH,"Switch, Inc.",7.66,1889292021,n/a,2017,Technology,"Computer Software: Programming, Data Processing",https://www.nasdaq.com/symbol/swch
SYKE,"Sykes Enterprises, Incorporated",26.81,1146969307,n/a,1996,Technology,EDP Services,https://www.nasdaq.com/symbol/syke
SYMC,Symantec Corporation,21.51,13742490323,n/a,1989,Technology,Computer Software: Prepackaged Software,https://www.nasdaq.com/symbol/symc
SYNC,"Synacor, Inc.",1.65,64350499.95,n/a,2012,Technology,"Computer Software: Programming, Data Processing",https://www.nasdaq.com/symbol/sync
SYNA,Synaptics Incorporated,36.39,1259774493,n/a,2002,Technology,Semiconductors,https://www.nasdaq.com/symbol/syna
SNCR,"Synchronoss Technologies, Inc.",6.28,266738924.3,n/a,2018,Technology,EDP Services,https://www.nasdaq.com/symbol/sncr
SNX,Synnex Corporation,75.33,3853959787,n/a,2003,Technology,Retail: Computer Software & Peripheral Equipment,https://www.nasdaq.com/symbol/snx
SNPS,"Synopsys, Inc.",86.65,12875159472,n/a,1992,Technology,Computer Software: Prepackaged Software,https://www.nasdaq.com/symbol/snps
DATA,"Tableau Software, Inc.",107.61,8992733541,n/a,2013,Technology,Computer Software: Prepackaged Software,https://www.nasdaq.com/symbol/data
TSM,Taiwan Semiconductor Manufacturing Company Ltd.,36.17,1.8758E+11,n/a,1997,Technology,Semiconductors,https://www.nasdaq.com/symbol/tsm
TTWO,"Take-Two Interactive Software, Inc.",106.85,12167231214,n/a,1997,Technology,Computer Software: Prepackaged Software,https://www.nasdaq.com/symbol/ttwo
TLND,Talend S.A.,34.04,1015518656,29833098,2016,Technology,Computer Software: Prepackaged Software,https://www.nasdaq.com/symbol/tlnd
TAOP,Taoping Inc.,1.27,51765407.01,n/a,n/a,Technology,Computer Software: Prepackaged Software,https://www.nasdaq.com/symbol/taop
TECD,Tech Data Corporation,71.65,2747777142,n/a,1986,Technology,Retail: Computer Software & Peripheral Equipment,https://www.nasdaq.com/symbol/tecd
TCCO,Technical Communications Corporation,3.6,6656490,n/a,n/a,Technology,Radio And Television Broadcasting And Communications Equipment,https://www.nasdaq.com/symbol/tcco
TLRA,"Telaria, Inc.",2.99,142239511.6,n/a,2013,Technology,Advertising,https://www.nasdaq.com/symbol/tlra
TENB,"Tenable Holdings, Inc.",25.74,2395486897,n/a,2018,Technology,Computer Software: Prepackaged Software,https://www.nasdaq.com/symbol/tenb
TNC,Tennant Company,60.25,1092031250,n/a,n/a,Technology,Industrial Machinery/Components,https://www.nasdaq.com/symbol/tnc
TDC,Teradata Corporation,36.02,4257564000,n/a,n/a,Technology,Computer Software: Prepackaged Software,https://www.nasdaq.com/symbol/tdc
TXN,Texas Instruments Incorporated,96.13,92337021469,n/a,n/a,Technology,Semiconductors,https://www.nasdaq.com/symbol/txn
TGH,Textainer Group Holdings Limited,11.17,638359836.8,n/a,2007,Technology,Diversified Commercial Services,https://www.nasdaq.com/symbol/tgh
DSGX,The Descartes Systems Group Inc.,27.65,2125305250,n/a,n/a,Technology,Computer Software: Prepackaged Software,https://www.nasdaq.com/symbol/dsgx
KEYW,The KEYW Holding Corporation,8.45,421299626.8,n/a,2010,Technology,EDP Services,https://www.nasdaq.com/symbol/keyw
MIDD,The Middleby Corporation,116.81,6523448588,n/a,n/a,Technology,Industrial Machinery/Components,https://www.nasdaq.com/symbol/midd
RUBI,"The Rubicon Project, Inc.",4.53,229905495.5,n/a,2014,Technology,"Computer Software: Programming, Data Processing",https://www.nasdaq.com/symbol/rubi
TSG,The Stars Group Inc.,18.29,4976256963,n/a,n/a,Technology,"Computer Software: Programming, Data Processing",https://www.nasdaq.com/symbol/tsg
TTD,"The Trade Desk, Inc.",118.55,5126353326,n/a,2016,Technology,"Computer Software: Programming, Data Processing",https://www.nasdaq.com/symbol/ttd
ULTI,"The Ultimate Software Group, Inc.",244.23,7636911885,n/a,1998,Technology,Computer Software: Prepackaged Software,https://www.nasdaq.com/symbol/ulti
TISA,"Top Image Systems, Ltd.",0.67,12228653.74,n/a,1996,Technology,Computer peripheral equipment,https://www.nasdaq.com/symbol/tisa
TSEM,Tower Semiconductor Ltd.,14.8,1552650654,n/a,1994,Technology,Semiconductors,https://www.nasdaq.com/symbol/tsem
TACT,TransAct Technologies Incorporated,10.5,77466669,n/a,1996,Technology,Computer peripheral equipment,https://www.nasdaq.com/symbol/tact
TZOO,Travelzoo,8.88,107544090.5,n/a,n/a,Technology,EDP Services,https://www.nasdaq.com/symbol/tzoo
TRT,Trio-Tech International,3.587,12744808.29,n/a,n/a,Technology,Industrial Machinery/Components,https://www.nasdaq.com/symbol/trt
TRIP,"TripAdvisor, Inc.",59.35,8170499772,n/a,n/a,Technology,"Computer Software: Programming, Data Processing",https://www.nasdaq.com/symbol/trip
TRTN,Triton International Limited,34.26,2736506023,n/a,2016,Technology,Diversified Commercial Services,https://www.nasdaq.com/symbol/trtn
TRVG,trivago N.V.,5.8,180061591.6,31045102,2016,Technology,EDP Services,https://www.nasdaq.com/symbol/trvg
TBI,"TrueBlue, Inc.",24.42,988650073.6,n/a,n/a,Technology,Professional Services,https://www.nasdaq.com/symbol/tbi
TRUE,"TrueCar, Inc.",10.2,1060847838,n/a,2014,Technology,"Computer Software: Programming, Data Processing",https://www.nasdaq.com/symbol/true
TSRI,"TSR, Inc.",5.31,10418549.22,n/a,n/a,Technology,EDP Services,https://www.nasdaq.com/symbol/tsri
TTEC,"TTEC Holdings, Inc.",27.53,1271695410,n/a,1996,Technology,Professional Services,https://www.nasdaq.com/symbol/ttec
TTMI,"TTM Technologies, Inc.",11.83,1226502329,n/a,2000,Technology,Electrical Products,https://www.nasdaq.com/symbol/ttmi
TCX,Tucows Inc.,53.93,572497474.4,n/a,n/a,Technology,EDP Services,https://www.nasdaq.com/symbol/tcx
TWLO,Twilio Inc.,76.96,7608901597,n/a,2016,Technology,Computer Software: Prepackaged Software,https://www.nasdaq.com/symbol/twlo
TWIN,"Twin Disc, Incorporated",17.97,235182590.6,n/a,n/a,Technology,Industrial Machinery/Components,https://www.nasdaq.com/symbol/twin
TWTR,"Twitter, Inc.",31.61,24063121003,n/a,2013,Technology,"Computer Software: Programming, Data Processing",https://www.nasdaq.com/symbol/twtr
TYL,"Tyler Technologies, Inc.",184.91,7178808452,n/a,n/a,Technology,Computer Software: Prepackaged Software,https://www.nasdaq.com/symbol/tyl
UBNT,"Ubiquiti Networks, Inc.",108.87,7711832470,n/a,2011,Technology,Radio And Television Broadcasting And Communications Equipment,https://www.nasdaq.com/symbol/ubnt
UCTT,"Ultra Clean Holdings, Inc.",8.9,347226210.9,n/a,2004,Technology,Semiconductors,https://www.nasdaq.com/symbol/uctt
UIS,Unisys Corporation,13.47,687301388.9,n/a,n/a,Technology,EDP Services,https://www.nasdaq.com/symbol/uis
UMC,United Microelectronics Corporation,1.76,4272336188,n/a,n/a,Technology,Semiconductors,https://www.nasdaq.com/symbol/umc
URI,"United Rentals, Inc.",113,9164596286,n/a,1997,Technology,Diversified Commercial Services,https://www.nasdaq.com/symbol/uri
UPLD,"Upland Software, Inc.",28.1,606662140,n/a,2014,Technology,Computer Software: Prepackaged Software,https://www.nasdaq.com/symbol/upld
UPWK,Upwork Inc.,16.6,0,n/a,2018,Technology,EDP Services,https://www.nasdaq.com/symbol/upwk
VTEC,Valtech SE,n/a,0,n/a,n/a,Technology,EDP Services,https://www.nasdaq.com/symbol/vtec
VRNS,"Varonis Systems, Inc.",54.11,1594335620,n/a,2014,Technology,Computer Software: Prepackaged Software,https://www.nasdaq.com/symbol/vrns
VECO,Veeco Instruments Inc.,7.95,379954358,n/a,1994,Technology,Industrial Machinery/Components,https://www.nasdaq.com/symbol/veco
VEEV,Veeva Systems Inc.,89.11,12877231476,n/a,2013,Technology,Computer Software: Prepackaged Software,https://www.nasdaq.com/symbol/veev
VRNT,Verint Systems Inc.,43.05,2794179579,n/a,2002,Technology,EDP Services,https://www.nasdaq.com/symbol/vrnt
VRSN,"VeriSign, Inc.",149.48,18070400573,n/a,1998,Technology,EDP Services,https://www.nasdaq.com/symbol/vrsn
VRSK,"Verisk Analytics, Inc.",120.13,19775817538,n/a,2009,Technology,EDP Services,https://www.nasdaq.com/symbol/vrsk
VERI,"Veritone, Inc.",5.5899,108043141.2,n/a,2017,Technology,EDP Services,https://www.nasdaq.com/symbol/veri
VSAT,"ViaSat, Inc.",67.28,4013267407,n/a,1996,Technology,Radio And Television Broadcasting And Communications Equipment,https://www.nasdaq.com/symbol/vsat
VIAV,Viavi Solutions Inc.,9.485,2166585857,n/a,n/a,Technology,Semiconductors,https://www.nasdaq.com/symbol/viav
VRTU,Virtusa Corporation,39.91,1193772235,n/a,2007,Technology,EDP Services,https://www.nasdaq.com/symbol/vrtu
VMW,"Vmware, Inc.",149.59,61142510085,n/a,2007,Technology,Computer Software: Prepackaged Software,https://www.nasdaq.com/symbol/vmw
VISI,"Volt Information Sciences, Inc.",2.59,54482255.8,n/a,n/a,Technology,Professional Services,https://www.nasdaq.com/symbol/visi
VUZI,Vuzix Corporation,5.61,154765886.2,n/a,n/a,Technology,Radio And Television Broadcasting And Communications Equipment,https://www.nasdaq.com/symbol/vuzi
WSTG,"Wayside Technology Group, Inc.",11.7027,52621120.33,n/a,n/a,Technology,Retail: Computer Software & Peripheral Equipment,https://www.nasdaq.com/symbol/wstg
WB,Weibo Corporation,60.06,3849084980,64087329,2014,Technology,"Computer Software: Programming, Data Processing",https://www.nasdaq.com/symbol/wb
WBT,"Welbilt, Inc.",13.34,1870518779,n/a,2016,Technology,Industrial Machinery/Components,https://www.nasdaq.com/symbol/wbt
WDC,Western Digital Corporation,46.91,13576912114,n/a,n/a,Technology,Electronic Components,https://www.nasdaq.com/symbol/wdc
WYY,WidePoint Corporation,0.4849,40616411.04,n/a,n/a,Technology,EDP Services,https://www.nasdaq.com/symbol/wyy
WIT,Wipro Limited,5.12,23049577933,n/a,n/a,Technology,EDP Services,https://www.nasdaq.com/symbol/wit
WIX,Wix.com Ltd.,86.83,4071318904,n/a,2013,Technology,"Computer Software: Programming, Data Processing",https://www.nasdaq.com/symbol/wix
WDAY,"Workday, Inc.",133.13,28889210000,n/a,n/a,Technology,EDP Services,https://www.nasdaq.com/symbol/wday
WK,Workiva Inc.,35.57,1559716329,n/a,2014,Technology,Computer Software: Prepackaged Software,https://www.nasdaq.com/symbol/wk
WPP,WPP plc,55.06,13895084866,n/a,n/a,Technology,Advertising,https://www.nasdaq.com/symbol/wpp
XRX,Xerox Corporation,25.19,6002341389,n/a,n/a,Technology,Computer peripheral equipment,https://www.nasdaq.com/symbol/xrx
XLNX,"Xilinx, Inc.",86.5,21888257128,n/a,1990,Technology,Semiconductors,https://www.nasdaq.com/symbol/xlnx
XPER,Xperi Corporation,13.35,646382449.4,n/a,n/a,Technology,Semiconductors,https://www.nasdaq.com/symbol/xper
XNET,Xunlei Limited,5.13,199596095.7,38907621,2014,Technology,Computer Software: Prepackaged Software,https://www.nasdaq.com/symbol/xnet
YNDX,Yandex N.V.,29.4,9537297202,n/a,2011,Technology,"Computer Software: Programming, Data Processing",https://www.nasdaq.com/symbol/yndx
YEXT,"Yext, Inc.",16.75,1651304948,n/a,2017,Technology,EDP Services,https://www.nasdaq.com/symbol/yext
YY,YY Inc.,68.01,3367341929,49512453,2012,Technology,EDP Services,https://www.nasdaq.com/symbol/yy
ZBRA,Zebra Technologies Corporation,164.39,8844926029,n/a,1991,Technology,Industrial Machinery/Components,https://www.nasdaq.com/symbol/zbra
ZDGE,"Zedge, Inc.",2.8,28726182.8,n/a,2016,Technology,Computer Software: Prepackaged Software,https://www.nasdaq.com/symbol/zdge
ZEN,"Zendesk, Inc.",51.8,5544752497,n/a,2014,Technology,EDP Services,https://www.nasdaq.com/symbol/zen
ZIXI,Zix Corporation,6.3,341445056.4,n/a,n/a,Technology,EDP Services,https://www.nasdaq.com/symbol/zixi
ZS,"Zscaler, Inc.",33.49,4089012421,n/a,2018,Technology,EDP Services,https://www.nasdaq.com/symbol/zs
ZUO,"Zuora, Inc.",17.66,1902315403,n/a,2018,Technology,Computer Software: Prepackaged Software,https://www.nasdaq.com/symbol/zuo
ZNGA,Zynga Inc.,3.5,3016586349,n/a,2011,Technology,EDP Services,https://www.nasdaq.com/symbol/znga
